"Name","GP","GS","MIN","PTS","OR","DR","REB","AST","STL","BLK","TO","PF","AST_TO","FGM","FGA","FGp","P3M","P3A","P3p","FTM","FTA","FTp","P2M","P2A","P2p","Score_eff","Shoot_eff"
"Jayson Tatum",38,38,36.7,30.8,1.1,7,8.1,4.1,1.1,0.8,2.7,2.1,1.5,10.1,21.4,47.2,3.2,9.2,35.1,7.4,8.6,85.6,6.9,12.3,56.2,1.437,0.55
"Jaylen Brown",38,38,35.4,27,1.2,5.8,7,3.3,1.1,0.5,3.1,2.8,1.1,10.1,20.4,49.7,2.5,7.5,33.5,4.2,5.4,78.5,7.6,12.9,59.1,1.324,0.56
"Malcolm Brogdon",34,0,23.6,13.5,0.8,3.3,4.1,3.9,0.6,0.3,1.6,1.4,2.4,4.6,9.7,47.4,1.8,4,44.5,2.5,2.9,87.6,2.8,5.6,49.5,1.392,0.57
"Marcus Smart",36,36,32.6,11.1,0.7,2.7,3.4,7.2,1.3,0.4,2.3,2.7,3.2,4,9.4,42.4,1.8,5.3,33.9,1.3,1.7,77.4,2.2,4.1,53.4,1.181,0.52
"Derrick White",40,33,26.2,10,0.6,2.5,3,3.4,0.8,1,1,2.3,3.4,3.4,7.5,44.8,1.5,4.1,37,1.7,2,86.1,1.9,3.5,54,1.322,0.55
"Al Horford",31,31,30.3,9.2,1.1,5.3,6.4,2.5,0.4,1,0.6,1.8,4.1,3.5,7.3,48.2,2,4.6,42.7,0.2,0.3,60,1.5,2.7,57.8,1.261,0.62
"Grant Williams",39,14,27.2,8.7,1.1,3.6,4.6,1.6,0.8,0.3,0.9,2.5,1.7,3,5.8,50.9,1.5,3.5,42.8,1.2,1.4,85.7,1.5,2.3,63.3,1.487,0.64
"Robert Williams III",9,0,19.4,7.9,3.1,4.6,7.7,1.2,0.6,1.3,0.9,1.7,1.4,3.4,4.1,83.8,0,0,0,1,1.3,75,3.4,4.1,83.8,1.919,0.84
"Sam Hauser",40,0,15.5,6.1,0.4,2.1,2.5,0.7,0.3,0.2,0.4,1.2,1.9,2.1,4.7,45,1.7,4.1,40.7,0.2,0.3,61.5,0.5,0.7,70.4,1.291,0.62
"Blake Griffin",17,8,14.4,4.8,0.9,2.8,3.6,1.2,0.3,0.1,0.4,1.9,3.3,1.7,3.5,49.2,0.5,1.5,32,0.9,1.2,71.4,1.2,2,61.8,1.373,0.56
"Payton Pritchard",25,1,9.8,4.5,0.4,0.7,1.1,1,0.3,0,0.7,0.3,1.4,1.7,4,42,0.8,2.2,36.4,0.3,0.5,66.7,0.9,1.8,48.9,1.12,0.52
"Luke Kornet",33,0,11.8,3.8,1.3,1.8,3.1,0.7,0.2,0.8,0.4,1.3,1.9,1.6,2.4,68.4,0.1,0.2,33.3,0.5,0.5,83.3,1.6,2.2,71.2,1.582,0.7
"Mfiondu Kabengele",1,0,8,2,3,1,4,0,0,0,0,1,0,1,2,50,0,1,0,0,0,0,1,1,100,1,0.5
"Noah Vonleh",23,1,7.5,1.1,0.8,1.3,2.1,0.3,0.1,0.3,0.5,1.5,0.6,0.5,1,45.8,0,0.2,25,0.1,0.1,100,0.4,0.9,50,1.042,0.48
"Justin Jackson",17,0,4.5,0.9,0.1,0.4,0.5,0.5,0.2,0.2,0.1,0.3,4,0.3,1.2,25,0.2,0.8,28.6,0.1,0.1,50,0.1,0.4,16.7,0.75,0.35
"JD Davison",3,0,2.7,0.7,0,0.3,0.3,0.3,0.3,0,0.3,0,1,0.3,1.3,25,0,0.7,0,0,0,0,0.3,0.7,50,0.5,0.25
"Kevin Durant",39,39,36,29.7,0.4,6.4,6.7,5.3,0.8,1.5,3.5,2.4,1.5,10.5,18.8,55.9,1.8,4.8,37.6,6.8,7.3,93.4,8.7,14,62.2,1.578,0.61
"Kyrie Irving",30,30,36.5,26,0.9,4,4.9,4.7,0.8,0.8,2.2,2.6,2.1,9.7,19.8,48.8,3.1,8.6,36.6,3.6,3.9,90.7,6.5,11.2,58.2,1.315,0.57
"Nic Claxton",37,37,28.3,11.9,2.5,5.9,8.3,1.5,0.8,2.6,1.2,2.8,1.2,5.3,7.2,73.8,0,0,0,1.2,2.6,46.9,5.3,7.2,74.1,1.644,0.74
"T.J. Warren",16,0,19.9,9.9,0.7,2.5,3.2,1.4,0.8,0.3,0.7,1.7,2,4.1,7.7,53.7,0.6,1.8,34.5,1,1.1,88.9,3.5,5.9,59.6,1.285,0.58
"Royce O'Neale",37,37,35.1,9.4,0.7,4.2,4.9,4.2,0.9,0.8,1.7,3.2,2.5,3.3,8.2,40.1,2.3,5.6,41.1,0.5,0.7,65.4,1,2.6,38.1,1.138,0.54
"Seth Curry",28,1,21.2,9.2,0.2,1.9,2.1,2.1,0.6,0.2,0.9,1.8,2.3,3.4,7.5,45.2,1.8,4.1,42.6,0.7,0.7,95,1.6,3.4,48.4,1.229,0.57
"Joe Harris",33,18,24.5,7.9,0.4,2.4,2.8,1.5,0.6,0.3,0.5,2.5,2.8,2.9,6.8,42.9,1.7,4.5,37.6,0.4,0.6,66.7,1.2,2.3,53.3,1.17,0.55
"Ben Simmons",30,25,27.2,7.7,1,5.6,6.7,6,1.4,0.5,2.1,3.5,2.8,3.5,6,59.2,0,0,0,0.6,1.5,41.3,3.5,5.9,59.6,1.291,0.59
"Yuta Watanabe",27,0,18.3,7.3,0.6,2.2,2.8,0.9,0.6,0.4,0.4,1.6,1.9,2.7,4.8,55.8,1.4,2.7,52.7,0.6,0.8,71.4,1.2,2,60,1.535,0.71
"Edmond Sumner",33,9,14.4,6.8,0.3,1.1,1.4,1.4,0.8,0.2,0.9,1.5,1.5,2.3,5.1,45.6,0.5,1.7,28.1,1.6,1.8,93.1,1.8,3.4,54.5,1.325,0.5
"Cam Thomas",27,0,13.6,6.4,0.1,1.2,1.3,1.4,0.3,0.1,0.7,0.9,1.9,2.1,5.1,41.3,0.4,1.1,38.7,1.7,2.2,78.3,1.7,4,42.1,1.254,0.46
"Patty Mills",25,1,12.2,5.7,0.2,0.8,1,1.3,0.3,0,0.6,0.5,2.2,2,4.2,47.1,1.2,2.9,41.7,0.6,0.6,93.3,0.8,1.3,59.4,1.365,0.62
"Markieff Morris",19,1,11.4,4.2,0.5,1.8,2.3,1,0.3,0.2,0.6,1.2,1.7,1.4,3.2,44.3,1,2.1,48.7,0.3,0.3,100,0.4,1.2,36.4,1.295,0.6
"Day'Ron Sharpe",20,1,8.9,3.9,1.3,1.9,3.2,0.7,0.2,0.5,0.8,1.7,0.8,1.5,2.9,52.6,0.2,0.3,80,0.7,1,68.4,1.3,2.6,50,1.351,0.56
"David Duke Jr.",14,0,9,3,0.4,0.6,1.1,0.9,0.4,0.1,0.9,1.6,0.9,1.4,3.1,44.2,0,0.4,0,0.3,0.6,50,1.4,2.6,51.4,0.977,0.44
"Kessler Edwards",13,1,5.7,1.2,0.5,0.6,1.1,0.2,0.2,0.1,0.3,0.2,0.5,0.5,1.7,27.3,0.2,0.8,18.2,0.1,0.2,50,0.3,0.8,36.4,0.682,0.32
"Alondes Williams",1,0,5,0,0,1,1,0,0,0,2,1,0,0,0,0,0,0,0,0,0,0,0,0,0,0,0
"Julius Randle",40,40,35.2,24.4,2,8,10,3.8,0.8,0.4,2.6,3.1,1.5,8.1,17.6,46.2,2.7,7.7,35,5.4,7.2,75.1,5.4,9.9,55.1,1.387,0.54
"Jalen Brunson",37,37,33,20.9,0.5,2.9,3.4,6.6,1,0.1,2.2,2.3,3,7.6,16.2,46.8,1.6,4.3,38,4.1,4.9,83.6,6,12,49.9,1.29,0.52
"RJ Barrett",35,35,34.1,19.7,0.9,4.6,5.5,3,0.5,0.2,2.4,2.4,1.2,6.9,16.1,42.7,1.8,5.3,33.2,4.2,5.5,76.2,5.1,10.8,47.4,1.223,0.48
"Immanuel Quickley",40,7,26.6,11.9,0.7,3.5,4.1,3.4,1,0.1,1.3,2.1,2.7,4.1,10.1,40.9,1.6,4.8,32.8,2.1,2.5,84.7,2.6,5.3,48.3,1.181,0.49
"Quentin Grimes",29,24,28.6,10.4,0.8,2.4,3.2,2.1,0.7,0.5,1.2,2.8,1.8,3.7,7.9,46.7,1.9,5.1,37.6,1.1,1.4,78,1.8,2.8,63.7,1.319,0.59
"Cam Reddish",20,8,21.9,8.4,0.4,1.2,1.6,1,0.8,0.4,0.8,1.6,1.3,3.1,6.8,44.9,0.9,2.8,30.4,1.5,1.7,87.9,2.2,4,55,1.235,0.51
"Obi Toppin",25,0,17.1,7.7,0.6,3.2,3.8,1,0.4,0.2,0.8,1.1,1.4,2.9,6.8,42.1,1.4,3.9,35.1,0.6,0.7,82.4,1.5,3,51.4,1.123,0.52
"Mitchell Robinson",32,31,26.2,7.6,4.3,4.7,9,1,0.7,1.8,0.5,3,1.9,3.3,4.7,70.5,0,0,0,1.1,2,54,3.3,4.7,70.5,1.638,0.7
"Evan Fournier",18,7,18.6,6.9,0.1,2,2.1,1.4,0.7,0.2,0.9,1.8,1.5,2.3,6.6,35.3,1.3,4.2,31.6,0.9,1.1,84.2,1,2.4,41.9,1.042,0.45
"Derrick Rose",26,0,12.9,5.8,0.3,1.2,1.5,1.8,0.3,0.2,0.8,0.7,2.1,2.3,6,39.4,0.7,2.3,31.7,0.4,0.5,91.7,1.6,3.7,44.2,0.981,0.45
"Isaiah Hartenstein",40,7,19.3,5.4,2.8,3.6,6.4,0.8,0.7,0.7,0.9,2.4,0.9,2.3,4.5,50.3,0.2,0.8,25,0.7,0.9,75.7,2.1,3.7,55.8,1.207,0.53
"Miles McBride",28,2,14.4,4,0.2,0.6,0.8,1.2,0.6,0,0.5,0.9,2.4,1.4,4,36,0.7,2.6,27.8,0.5,0.7,68.4,0.7,1.4,51.3,1.018,0.45
"Jericho Sims",32,2,12.3,3.6,1.8,2.4,4.2,0.3,0.2,0.6,0.4,1.6,0.9,1.7,2.1,77.9,0,0,0,0.3,0.3,80,1.7,2.1,77.9,1.676,0.78
"Svi Mykhailiuk",12,0,3.3,1.8,0,0.6,0.6,0.1,0.1,0,0.2,0.1,0.5,0.5,1,50,0.5,0.8,60,0.3,0.4,60,0,0.2,0,1.75,0.75
"Ryan Arcidiacono",10,0,2.5,0.3,0,0.4,0.4,0.2,0.2,0,0.1,0.3,2,0.1,0.5,20,0.1,0.3,33.3,0,0,0,0,0.2,0,0.6,0.3
"Trevor Keels",1,0,1,0,0,1,1,0,0,0,0,0,0,0,1,0,0,1,0,0,0,0,0,0,0,0,0
"Joel Embiid",28,28,35.5,33.5,1.8,8,9.8,4.6,1.2,1.7,3.9,3.4,1.2,11.3,21.1,53.2,1.1,3.1,34.1,9.9,11.6,85.3,10.2,18,56.5,1.584,0.56
"James Harden",24,24,37.7,22,0.6,5.6,6.3,10.8,1.4,0.6,3.5,2.1,3.1,6.7,15.6,42.8,2.8,7.4,37.1,5.9,6.8,86.6,3.9,8.2,48,1.412,0.52
"Tyrese Maxey",20,18,34.9,21.5,0.4,2.8,3.1,4.2,0.9,0.2,1.8,2.2,2.3,7.9,17.3,45.4,2.7,6.5,40.8,3.2,4.2,75.9,5.2,10.8,48.1,1.243,0.53
"Tobias Harris",36,36,34.4,16.5,1.1,5.3,6.4,2.6,1.1,0.6,1.3,2.1,2,6.5,13.2,49.2,1.9,5.1,37.8,1.6,1.8,87.9,4.5,8,56.4,1.253,0.57
"De'Anthony Melton",36,29,30.1,11.8,1.1,3.6,4.7,3,1.9,0.5,1.6,2.4,1.9,4.3,10.2,42.5,2.5,6.1,40.3,0.6,0.9,71,1.9,4.1,45.9,1.153,0.55
"Shake Milton",35,9,24,10.4,0.5,2.5,3,3.4,0.4,0.2,1.5,1.7,2.2,4,7.9,50.9,0.9,2.3,37,1.5,1.8,82.5,3.2,5.6,56.6,1.314,0.56
"Georges Niang",37,0,20.3,9.7,0.2,2.1,2.4,1.1,0.5,0.2,0.7,2.1,1.5,3.3,7.4,45.1,2.4,5.7,42,0.6,0.7,92,0.9,1.6,55.7,1.311,0.61
"Montrezl Harrell",35,6,12.6,6.1,1.2,1.7,2.9,0.7,0.3,0.6,0.6,1.4,1,2.3,4,58.3,0,0.1,0,1.4,2,72.5,2.3,3.9,59.1,1.525,0.58
"Danuel House Jr.",30,2,17,4.9,0.2,1.8,2,0.8,0.2,0.2,0.5,1.4,1.6,1.7,3.6,47.7,0.7,2.1,33.9,0.8,1.1,73.5,1,1.5,66.7,1.383,0.57
"Furkan Korkmaz",21,0,11.3,4,0.2,1.1,1.3,0.9,0.3,0.1,0.7,0.4,1.2,1.3,3.3,40,0.5,1.6,32.4,0.9,1.3,66.7,0.8,1.7,47.2,1.214,0.48
"P.J. Tucker",37,37,27.5,3.3,1.3,3,4.3,0.9,0.6,0.3,0.8,2.6,1,1.2,2.9,41.3,0.6,1.6,37.7,0.3,0.3,83.3,0.6,1.3,45.8,1.128,0.52
"Paul Reed",32,0,9.9,3.1,1.3,2,3.3,0.4,0.8,0.6,0.6,2,0.7,1.3,2.4,56.6,0,0.1,0,0.4,0.5,75,1.3,2.3,58.9,1.289,0.57
"Saben Lee",2,0,5,3,0,0,0,1,0.5,0,1.5,0.5,0.7,1.5,2,75,0,0.5,0,0,0,0,1.5,1.5,100,1.5,0.75
"Matisse Thybulle",35,6,12,2.5,0.3,0.9,1.2,0.5,0.8,0.3,0.1,1.2,3.2,1,2.4,41,0.5,1.4,32.7,0.1,0.2,50,0.5,1,52.9,1.048,0.51
"Jaden Springer",5,0,3,1.4,0.4,0.6,1,0,0,0.4,0.2,0.8,0,0.6,1.4,42.9,0,0,0,0.2,0.4,50,0.6,1.4,42.9,1,0.43
"Julian Champagnie",2,0,3.5,0,0,0,0,0,0.5,0,0,0,0,0,1,0,0,0.5,0,0,0,0,0,0.5,0,0,0
"Michael Foster Jr.",1,0,1,0,0,0,0,0,0,0,0,0,0,0,0,0,0,0,0,0,0,0,0,0,0,0,0
"Pascal Siakam",30,30,37.3,25.7,1.9,6.4,8.3,6.5,0.9,0.5,2.6,3.4,2.5,8.9,18.9,47,1.4,4,33.9,6.6,8.4,78.3,7.5,14.8,50.6,1.362,0.51
"Fred VanVleet",32,32,37.1,18.6,0.5,3.7,4.1,6.2,1.6,0.6,1.7,2.8,3.6,6,15.8,37.7,2.9,8.8,32.9,3.8,4.3,87.8,3.1,7.1,43.8,1.178,0.47
"Gary Trent Jr.",33,23,32.4,18.4,0.5,1.8,2.3,1.5,1.6,0.2,1.1,1.7,1.4,6.4,14.4,44.3,2.5,7,36.5,3.1,3.8,81,3.8,7.4,51.6,1.278,0.53
"O.G. Anunoby",36,36,37.1,18.2,1.6,4.4,6,2.1,2.3,0.8,2.3,3.1,0.9,6.8,14.6,46.5,1.8,5.2,34.9,2.8,3.4,83.6,5,9.4,52.8,1.248,0.53
"Scottie Barnes",37,36,34,14.9,2.1,4.8,6.9,4.6,1,0.8,2.2,2,2.2,5.9,13.3,44.8,0.9,3.2,29.1,2.1,2.7,76,5,10.1,49.7,1.12,0.48
"Chris Boucher",35,0,21.1,9.6,2,3.6,5.6,0.4,0.7,0.7,0.6,2.2,0.8,3.3,7.3,45.7,0.7,2.7,27.7,2.2,2.9,76,2.6,4.6,56.2,1.313,0.51
"Precious Achiuwa",16,0,17.8,7.3,1.6,4,5.6,1.2,0.2,0.7,1,1.3,1.2,2.6,6.8,37.6,0.3,2.1,14.7,1.8,2.2,82.9,2.3,4.7,48,1.064,0.4
"Malachi Flynn",28,1,15,5.8,0.4,1.3,1.6,1.4,0.4,0.1,0.6,1.5,2.5,2.1,5.4,38.4,1.2,3,39.8,0.4,0.5,80,0.9,2.4,36.8,1.066,0.49
"Otto Porter Jr.",8,2,18.3,5.5,0.8,1.6,2.4,1,1.4,0,0.5,0.9,2,1.9,3.8,50,0.8,2.1,35.3,1,1,100,1.1,1.6,69.2,1.467,0.6
"Dalano Banton",22,2,10.1,5.2,0.4,1,1.5,1.2,0.5,0.5,0.6,1.1,2,2,4.7,42.3,0.6,2,30.2,0.6,0.8,82.4,1.4,2.8,50.8,1.106,0.49
"Thaddeus Young",35,9,16.5,4.9,1.6,2,3.6,1.6,1.1,0.1,0.7,1.8,2.2,2.2,4,54.3,0.1,0.7,17.4,0.4,0.5,73.7,2.1,3.3,61.5,1.214,0.56
"Christian Koloko",37,19,15.9,3.9,1.6,1.7,3.4,0.5,0.3,1.2,0.5,2.7,1.1,1.5,2.9,50,0,0.2,12.5,0.9,1.4,66.7,1.4,2.7,53,1.324,0.5
"Juancho Hernangomez",27,10,17.3,3.7,0.8,2.7,3.5,0.6,0.5,0.2,0.5,1.1,1.3,1.5,3.3,46.1,0.5,1.9,27.5,0.2,0.4,45.5,1,1.4,71.1,1.135,0.54
"Ron Harper Jr.",2,0,4,3,0,0.5,0.5,0,0,0,0,0,0,1,2,50,1,1.5,66.7,0,0,0,0,0.5,0,1.5,0.75
"Jeff Dowtin Jr.",12,0,7.2,2.3,0.4,0.7,1.1,0.9,0.2,0.1,0.2,0.4,5.5,1,1.9,52.2,0.1,0.3,25,0.3,0.3,100,0.9,1.6,57.9,1.217,0.54
"Khem Birch",20,0,8.1,2.2,0.4,0.9,1.3,0.4,0.3,0.3,0.4,1.2,0.9,1,1.6,59.4,0.1,0.1,50,0.2,0.3,80,0.9,1.5,60,1.344,0.61
"Justin Champagnie",3,0,3.7,2,0.3,1,1.3,0.3,0,0,0,0.3,Inf,1,1,100,0,0,0,0,0,0,1,1,100,2,1
"DeMar DeRozan",40,40,36.4,26.4,0.5,4.6,5.1,5,1,0.5,2,2.7,2.5,9.4,18.6,50.4,0.4,1.5,27.1,7.3,8.2,88.7,9,17.1,52.4,1.419,0.51
"Zach LaVine",36,36,35.2,23.3,0.6,3.8,4.3,4.3,1,0.2,2.5,2.3,1.7,8.3,17.7,46.9,3.1,7.6,40.5,3.6,4.3,84,5.2,10.1,51.6,1.317,0.56
"Nikola Vucevic",40,40,33.3,16.8,2,8.8,10.9,3.1,0.6,0.9,1.8,2.1,1.7,6.7,12.9,51.5,1.7,4.4,37.9,1.8,2.2,84.9,5,8.5,58.7,1.302,0.58
"Patrick Williams",40,39,29,9.9,1,3.2,4.1,1.3,0.7,0.9,1.3,2.1,1,3.7,8.1,46,1.4,3.5,41.3,1.1,1.2,91.3,2.3,4.7,49.5,1.225,0.55
"Ayo Dosunmu",38,30,27.4,9.8,0.7,2.5,3.2,2.6,0.8,0.3,1.3,2.6,2,3.9,7.8,50.3,0.9,2.8,33,1,1.2,78.7,3,5.1,59.9,1.248,0.56
"Coby White",32,0,20.5,7.8,0.2,2.3,2.5,1.8,0.7,0.1,0.8,1.7,2.3,2.7,6.5,41.8,1.6,4.4,35.7,0.8,1.1,76.5,1.2,2.1,54.4,1.202,0.54
"Goran Dragic",37,0,16.6,7.6,0.3,1.2,1.5,2.9,0.2,0.1,1.1,1.4,2.6,2.9,6.7,44,1.1,2.8,39.2,0.6,1,63.9,1.9,3.9,47.3,1.133,0.52
"Andre Drummond",32,0,13.7,6.4,2.2,4.7,6.9,0.7,0.7,0.3,1.1,1.9,0.6,2.7,4.5,60.4,0,0.1,0,0.9,1.7,56.6,2.7,4.4,61.3,1.417,0.6
"Javonte Green",28,1,16,5.9,0.9,2,2.9,0.8,0.8,0.7,0.7,1.7,1.2,2.2,3.7,58.7,0.5,1.2,38.2,1,1.5,67.4,1.7,2.5,68.6,1.577,0.65
"Derrick Jones Jr.",29,0,14.2,5.7,0.9,1.6,2.5,0.6,0.5,0.6,0.5,1.5,1.1,2,3.8,53.2,0.4,1.2,35.3,1.2,1.6,78.3,1.6,2.6,61.3,1.505,0.59
"Alex Caruso",34,14,24.1,5.2,0.4,2.3,2.7,3.4,1.6,0.6,1.3,2.4,2.6,1.8,4,44.1,0.8,2.1,39.4,0.9,1.2,75,0.9,1.9,49.2,1.309,0.54
"Tony Bradley",9,0,2.8,1.3,0.1,1,1.1,0.1,0.1,0,0.1,0.1,1,0.4,0.8,57.1,0.2,0.4,50,0.2,0.2,100,0.2,0.3,66.7,1.714,0.71
"Dalen Terry",14,0,3.7,0.9,0,0.3,0.3,0.5,0.1,0.1,0.3,0.3,1.8,0.3,0.9,30.8,0.1,0.3,25,0.2,0.3,75,0.2,0.6,33.3,0.923,0.35
"Malcolm Hill",3,0,0.3,0,0,0.3,0.3,0,0,0,0,0,0,0,0,0,0,0,0,0,0,0,0,0,0,0,0
"Marko Simonovic",1,0,2,0,0,0,0,0,0,0,0,0,0,0,1,0,0,1,0,0,0,0,0,0,0,0,0
"Donovan Mitchell",36,36,36.5,28.8,0.9,3,3.9,4.8,1.4,0.4,3.1,2.7,1.6,9.9,20.3,48.8,3.8,9.3,40.5,5.2,6,87.4,6.1,11,55.9,1.42,0.58
"Darius Garland",32,32,35.8,21.4,0.4,2.2,2.7,7.8,1.3,0.2,3.1,2,2.5,7.4,16.5,44.9,2.4,6.1,39.3,4.2,4.8,85.8,5,10.4,48.2,1.295,0.52
"Evan Mobley",39,39,34,14.2,2.4,6.5,8.9,2.8,0.8,1.3,2.1,2.7,1.4,5.8,10.5,55,0.2,1.1,20.9,2.4,3.5,68.1,5.6,9.4,59,1.35,0.56
"Jarrett Allen",34,34,33.6,13.6,3.1,7,10.1,1.5,0.8,1.2,1.4,2.1,1.1,5.4,8.8,61.9,0,0.2,0,2.7,3.9,70.2,5.4,8.6,63.1,1.545,0.62
"Caris LeVert",37,20,31.1,12.6,0.7,3.4,4.1,3.7,0.8,0.2,1.6,2.4,2.3,4.5,11,41.3,1.6,4.4,36.6,2,2.6,74.5,2.9,6.6,44.3,1.15,0.49
"Cedi Osman",39,0,23.4,9.8,0.3,2.3,2.6,1.6,0.5,0.1,0.8,1.9,1.9,3.6,7.8,46.9,1.5,4.3,34.7,1.1,1.7,64.6,2.2,3.5,61.8,1.267,0.56
"Kevin Love",33,3,20.9,9.3,1,6.2,7.2,2,0.2,0.2,1.2,1.8,1.6,3,7.2,41,1.9,5.1,36.7,1.5,1.7,87.7,1.1,2.1,51.4,1.289,0.54
"Dean Wade",17,9,24.1,6.4,0.6,3.5,4.1,1,0.7,0.4,0.4,2.5,2.4,2.2,4.9,45.2,1.4,3.3,41.1,0.5,0.8,69.2,0.9,1.6,53.6,1.286,0.59
"Lamar Stevens",25,18,21.5,6.1,0.7,3,3.8,0.7,0.4,0.4,0.6,1.2,1.1,2.4,5.7,42,0.6,1.9,29.2,0.8,1.1,67.9,1.8,3.8,48.4,1.07,0.47
"Isaac Okoro",41,11,19,5.2,0.6,1.8,2.4,0.8,0.6,0.4,0.6,1.9,1.5,1.9,4.2,43.9,0.6,1.9,29.1,1,1.2,76.5,1.3,2.3,56.4,1.237,0.51
"Raul Neto",27,0,10.4,3.2,0.2,0.7,0.9,1.4,0.4,0,0.3,0.9,4.2,1.2,2.3,52.5,0.3,1,34.6,0.5,0.6,87.5,0.9,1.3,65.7,1.426,0.6
"Robin Lopez",25,1,8.6,3,0.8,0.7,1.5,0.4,0,0.1,0.7,1.1,0.6,1.3,2,64,0,0,100,0.4,0.6,71.4,1.2,2,63.3,1.5,0.65
"Mamadi Diakite",13,2,6.8,2,0.2,0.6,0.8,0.2,0.2,0.4,0.5,0.8,0.3,0.8,1.8,47.8,0.3,1,30.8,0,0,0,0.5,0.8,70,1.13,0.57
"Isaiah Mobley",8,0,3.3,1.1,0.1,1.3,1.4,0,0.1,0,0,0.3,0,0.5,1,50,0.1,0.3,50,0,0,0,0.4,0.8,50,1.125,0.56
"Bojan Bogdanovic",42,42,31.3,21,0.5,3,3.6,2.7,0.6,0,2.3,1.7,1.2,7,14.5,48.4,2.4,5.8,41.6,4.6,5.2,89.4,4.6,8.7,53,1.455,0.57
"Cade Cunningham",12,12,33.3,19.9,1,5.2,6.2,6,0.8,0.6,3.3,2.8,1.8,7.8,18.7,41.5,1.4,5.1,27.9,3,3.6,83.7,6.3,13.6,46.6,1.067,0.45
"Jaden Ivey",39,38,29.8,14.9,1.1,3,4.1,4.1,0.9,0.2,2.7,3,1.5,5.2,12.6,40.9,1.3,4,32.5,3.3,4.6,71.8,3.8,8.6,44.9,1.187,0.46
"Alec Burks",30,0,22,14,0.3,2.7,3,2.2,0.8,0.1,1.1,2.2,2,4.3,9.2,46.4,2,4.4,44.7,3.5,4.3,80,2.3,4.8,47.9,1.518,0.57
"Saddiq Bey",39,21,28.1,13.4,0.9,3.2,4.1,1.5,0.9,0.2,1,1.6,1.4,4.3,10.9,39.6,1.7,5.3,32.7,3.1,3.7,84,2.6,5.6,46.1,1.236,0.48
"Isaiah Stewart",36,36,28.5,11.8,2.2,5.8,7.9,1.2,0.4,0.7,1.5,2.6,0.8,4.1,8.9,45.7,1.4,4.2,34.2,2.2,3,74.1,2.6,4.7,55.9,1.323,0.54
"Marvin Bagley III",25,13,21.3,10.6,2.1,3.8,5.9,0.6,0.5,0.7,0.9,2,0.6,4.3,8,53.7,0.4,1.3,27.3,1.6,2.1,76.9,4,6.7,58.9,1.318,0.56
"Killian Hayes",40,27,26.2,9.8,0.4,2.5,2.9,5.6,1.2,0.4,1.9,3,3,3.9,9.9,39.5,1.2,3.5,33.3,0.8,1,81.6,2.7,6.4,42.9,0.987,0.45
"Jalen Duren",39,15,24.4,7.7,3.4,5.1,8.5,1,0.6,0.7,1.2,2.6,0.8,3.3,5.2,63.4,0,0,0,1.1,1.9,57.3,3.3,5.2,63.7,1.48,0.63
"Hamidou Diallo",35,0,15.4,7.1,1.1,2.1,3.2,0.9,0.7,0.3,0.9,2,1,2.8,5.3,53.3,0.1,0.5,27.8,1.4,2.5,57,2.7,4.7,56,1.359,0.55
"Isaiah Livers",22,7,19.5,5.8,0.5,1.8,2.3,0.6,0.4,0.5,0.6,1.9,1,1.9,4.7,40.4,1.3,3.7,35.8,0.7,0.9,75,0.6,1,56.5,1.231,0.54
"Kevin Knox II",33,0,14,5.5,0.4,2,2.4,0.4,0.4,0.3,0.7,1.8,0.5,1.9,4.3,44.7,1,2.8,35.9,0.7,0.8,81.5,0.9,1.5,61.2,1.284,0.56
"Cory Joseph",34,2,15.4,4.5,0.3,1,1.3,3,0.4,0.1,0.7,1.4,4.4,1.6,4.1,39.7,0.6,1.7,32.2,0.6,0.8,75,1.1,2.4,45.1,1.078,0.46
"Rodney McGruder",16,2,10.1,2.8,0.6,0.9,1.6,0.7,0.3,0,0.4,0.8,1.8,0.9,2.6,33.3,0.6,1.9,32.3,0.4,0.5,75,0.3,0.7,36.4,1.048,0.45
"Nerlens Noel",9,0,9,2,0.6,2,2.6,0.3,0.9,0.2,0.4,1.4,0.8,0.8,1.9,41.2,0,0,0,0.4,0.7,66.7,0.8,1.9,41.2,1.059,0.41
"Braxton Key",3,0,3,1.3,0,0.3,0.3,0,0,0,0,0,0,0.3,0.3,100,0,0,0,0.7,0.7,100,0.3,0.3,100,4,1
"Buddy Boeheim",1,0,1,0,0,0,0,0,0,0,0,0,0,0,0,0,0,0,0,0,0,0,0,0,0,0,0
"Tyrese Haliburton",39,39,33.6,20.3,0.7,3.3,4,10.3,1.8,0.4,2.6,1.1,4,7.3,15.2,48,3,7.5,40.2,2.8,3.1,88.5,4.3,7.7,55.5,1.34,0.58
"Buddy Hield",41,41,31.9,18,0.9,4,4.8,2.7,1,0.3,1.8,1.9,1.5,6.4,14.2,45.4,3.9,9,42.6,1.2,1.4,86.2,2.6,5.1,50.2,1.265,0.59
"Bennedict Mathurin",41,2,28,17.1,1,2.8,3.9,1.4,0.6,0.1,1.8,2,0.8,5.3,12.8,41.8,1.6,4.7,33.3,4.9,5.9,81.9,3.8,8.1,46.7,1.338,0.48
"Myles Turner",35,35,29.8,17,1.4,6.5,7.9,1.5,0.6,2.3,1.7,3.3,0.9,6.1,11,55.2,1.4,3.8,37.9,3.4,4.4,78.4,4.7,7.3,64.2,1.544,0.62
"Jalen Smith",39,27,20.2,10.1,1.8,4.3,6.2,1.1,0.4,0.9,1.2,2.2,0.9,3.8,8.2,46.1,1,3.4,28.8,1.6,2,78.5,2.8,4.8,58.3,1.235,0.52
"Aaron Nesmith",36,24,23.3,9.7,0.8,3,3.8,1.3,0.8,0.5,0.9,3.3,1.5,3.4,7.7,43.8,1.4,4,36.1,1.5,1.7,88.7,1.9,3.7,52.3,1.264,0.53
"Andrew Nembhard",36,27,27.1,8.4,0.5,2.6,3.1,3.7,1,0.2,1.6,2.8,2.3,3.3,7,47.6,1.3,3.3,40,0.4,0.5,88.9,2,3.7,54.5,1.206,0.57
"Isaiah Jackson",30,3,15.6,7,1.4,2.6,4,1,0.5,1.2,0.9,2.3,1.1,2.6,4.6,56.5,0,0.2,16.7,1.7,2.5,68.4,2.6,4.4,58.3,1.514,0.57
"Chris Duarte",20,5,16.4,6.2,0.3,1.9,2.1,1.2,0.2,0.3,0.9,1.5,1.4,2.1,6.5,32.6,0.9,3.3,27.3,1.1,1.3,84,1.2,3.2,38.1,0.953,0.4
"Oshae Brissett",36,0,15.9,5.9,0.8,2.4,3.3,0.4,0.6,0.2,0.6,1.3,0.8,1.8,4.3,41.9,0.9,2.4,36.5,1.4,2.1,66.7,0.9,1.9,48.6,1.361,0.52
"T.J. McConnell",38,0,17,5.4,0.5,1.7,2.2,4.2,1,0.1,1.5,1.2,2.8,2.3,5.1,46.1,0.2,0.5,30,0.6,0.7,88.5,2.2,4.6,48,1.073,0.48
"Goga Bitadze",18,0,9.7,3.4,1,1.2,2.2,0.9,0.4,0.5,0.6,1.8,1.7,1.4,2.6,54.3,0.2,0.7,25,0.5,1,50,1.2,1.9,64.7,1.348,0.58
"Terry Taylor",18,2,7.7,1.8,0.6,0.7,1.3,0.3,0.1,0.2,0.2,0.7,1.5,0.7,1.9,38.2,0.1,0.6,20,0.2,0.3,80,0.6,1.3,45.8,0.941,0.41
"James Johnson",9,0,7.9,1.7,0,0.9,0.9,0.6,0.1,0.3,0.2,1.9,2.5,0.8,2.1,36.8,0.1,0.8,14.3,0,0,0,0.7,1.3,50,0.789,0.39
"Kendall Brown",6,0,6.7,1.5,0.3,0.7,1,0.5,0.7,0,0.3,1.5,1.5,0.7,1.2,57.1,0,0.2,0,0.2,0.3,50,0.7,1,66.7,1.286,0.57
"Trevelin Queen",2,0,10,0,0.5,1,1.5,1,0.5,0.5,1.5,0.5,0.7,0,1.5,0,0,1.5,0,0,0,0,0,0,0,0,0
"Giannis Antetokounmpo",33,33,33.6,32,2.2,9.6,11.8,5.2,0.8,0.9,4.1,3.5,1.3,11.3,21.3,53,0.7,3,24.2,8.7,13.2,65.4,10.6,18.3,57.7,1.5,0.55
"Jrue Holiday",28,26,32.1,18.2,1.2,3.8,5,7.1,1.5,0.4,3.2,1.9,2.2,6.8,15,44.9,2.3,6,37.5,2.4,2.8,88.3,4.5,9,49.8,1.209,0.52
"Brook Lopez",38,38,30.3,14.5,2.1,4.4,6.5,1.2,0.5,2.6,1.4,2.4,0.9,5.5,10.8,50.7,1.9,4.9,38.4,1.7,2.1,79.7,3.6,5.9,60.9,1.341,0.59
"Bobby Portis",39,9,26.5,14.2,2.7,7.6,10.3,1.8,0.4,0.3,1.2,1.7,1.6,5.9,12,49.6,1.2,3.6,32.4,1.1,1.4,81.5,4.8,8.4,57.1,1.184,0.54
"Khris Middleton",7,7,24.4,11.1,0.1,2.4,2.6,4.4,0.6,0.1,1.6,2.6,2.8,3.6,11,32.5,1.6,5.9,26.8,2.4,2.7,89.5,2,5.1,38.9,1.013,0.4
"Grayson Allen",36,34,27.4,10.3,1,2.6,3.6,2.6,0.7,0.2,1.1,1.4,2.4,3.3,7.7,43,1.8,4.7,38.2,1.9,2.1,90.5,1.5,3,50.5,1.336,0.55
"Jevon Carter",39,30,25.2,7.4,0.6,2.3,2.9,3,1.2,0.5,1.4,2.1,2.2,2.8,6.9,40.3,1.3,3.5,37.7,0.5,0.6,87,1.4,3.3,43.1,1.075,0.5
"Pat Connaughton",23,7,21.9,7.3,0.5,3,3.5,1,0.5,0.1,0.5,1.1,1.8,2.6,7.3,35.3,1.7,5.5,31.5,0.5,0.7,64.7,0.8,1.7,47.5,1.012,0.47
"MarJon Beauchamp",28,8,15.6,6.3,1,1.6,2.6,0.6,0.5,0.1,1.1,1.7,0.6,2.3,5.5,41.3,1.1,3.2,33.7,0.6,0.9,72,1.2,2.4,51.5,1.135,0.51
"Jordan Nwora",29,3,16,6,0.7,2.3,3,1,0.3,0.1,1,0.8,1,2,5.2,37.5,1,2.7,37.7,1,1.2,85.7,1,2.6,37.3,1.138,0.47
"George Hill",31,0,19.7,5,0.4,1.7,2.1,2.6,0.5,0.1,0.9,1.2,3,1.7,3.8,43.7,0.6,2.1,30.8,1,1.4,72.7,1,1.7,59.3,1.311,0.52
"Joe Ingles",9,0,18.6,5,0.6,1.2,1.8,3.3,0.4,0.1,2.1,1.4,1.6,1.7,5.3,31.3,1.3,4.7,28.6,0.3,0.3,100,0.3,0.7,50,0.938,0.44
"AJ Green",17,0,8.8,4.3,0.2,1,1.2,0.5,0.2,0,0.2,1.1,2,1.5,3.1,50,1,2.4,41.5,0.2,0.2,100,0.5,0.6,81.8,1.404,0.66
"Serge Ibaka",16,0,11.6,4.1,0.9,1.8,2.8,0.3,0.1,0.4,0.7,1.4,0.4,1.6,3.4,48.1,0.4,1.1,33.3,0.5,0.8,61.5,1.3,2.3,55.6,1.222,0.54
"Wesley Matthews",26,0,14.8,2.9,0.7,0.9,1.6,0.6,0.5,0.2,0.4,1.5,1.6,0.9,2.9,32,0.7,2.3,31.1,0.3,0.4,90,0.2,0.5,35.7,1.013,0.45
"Sandro Mamukelashvili",17,0,8.5,2.1,0.6,1.6,2.3,0.8,0.1,0.2,0.3,0.7,2.6,0.7,2.3,30.8,0.3,1.2,23.8,0.4,0.7,58.3,0.4,1.1,38.9,0.923,0.37
"Thanasis Antetokounmpo",19,0,4.4,0.5,0.3,0.6,0.9,0.2,0.1,0.2,0.4,0.4,0.4,0.2,0.7,21.4,0,0.2,0,0.2,0.3,50,0.2,0.5,30,0.643,0.21
"Nikola Jokic",36,36,33.4,25.3,2,8.8,10.8,9.5,1.4,0.6,3.4,2.8,2.8,9.5,15.5,61.3,0.9,2.4,36.8,5.4,6.6,81.6,8.6,13.1,65.8,1.633,0.64
"Jamal Murray",32,32,31.7,18,0.6,3.3,3.8,5.4,0.9,0.3,2,1.3,2.7,6.6,14.8,44.8,2,5.4,37.2,2.8,3.5,80.2,4.6,9.4,49.2,1.22,0.52
"Aaron Gordon",34,34,30.1,16.9,2.6,4.4,7,2.4,0.9,0.7,1.6,1.8,1.5,6.4,11,58.4,0.9,2.5,37.6,3,4.7,64.8,5.5,8.5,64.5,1.528,0.63
"Michael Porter Jr.",25,25,29.3,16.4,1,4.8,5.9,1.2,0.6,0.5,1.3,2.4,1,6,12.7,47.2,2.8,6.7,41.3,1.6,2.2,75.9,3.2,6,53.6,1.289,0.58
"Bones Hyland",31,1,20.7,13.5,0.3,2,2.3,3.3,0.6,0.3,1.8,1.7,1.8,4.6,11.1,41.4,2.5,6.1,41.3,1.7,2.1,82.8,2.1,5,41.7,1.209,0.53
"Kentavious Caldwell-Pope",38,38,31.4,11.4,0.4,2.6,3.1,2.3,1.1,0.3,1.2,2.1,1.9,4,8.5,47.2,2.1,4.4,47.9,1.2,1.5,83.9,1.9,4.1,46.5,1.336,0.6
"Bruce Brown",38,19,29,11.1,0.8,3.4,4.2,3.9,0.9,0.6,1.6,2.4,2.4,4.4,8.8,49.7,1.3,3.3,40.8,1,1.2,80.4,3,5.5,55,1.257,0.57
"Jeff Green",24,3,19.3,7.5,0.9,1.9,2.8,1.1,0.4,0.3,1,1.8,1.2,2.8,5.4,52.7,0.3,1.3,26.7,1.5,2.1,68.6,2.5,4.1,60.6,1.388,0.56
"Vlatko Cancar",28,0,13.3,5.3,0.5,1.5,2,1.1,0.4,0.2,0.7,1.7,1.7,2,3.7,53.4,1,2,50,0.4,0.4,90.9,1,1.7,57.4,1.437,0.67
"DeAndre Jordan",28,3,14,4.6,1.3,3.8,5.1,0.8,0.2,0.7,1,1.7,0.8,2,2.6,75.7,0,0,100,0.6,1.3,47.2,2,2.6,75.3,1.757,0.76
"Zeke Nnaji",29,2,11,4,1,0.7,1.7,0.2,0.2,0.2,0.5,1.7,0.5,1.7,2.8,59.3,0.1,0.7,15.8,0.6,0.8,78.3,1.6,2.1,72.6,1.444,0.61
"Christian Braun",36,1,14.1,3.4,0.6,1.4,1.9,0.5,0.3,0.2,0.4,1.1,1.3,1.4,3.1,45.5,0.3,1,32.4,0.3,0.6,52.4,1.1,2,52.1,1.118,0.51
"Ish Smith",18,0,8.6,2.4,0.1,0.8,0.9,1.8,0.2,0.3,0.9,0.6,1.9,1.1,2.8,39.2,0.1,0.3,33.3,0.1,0.1,50,1,2.5,40,0.843,0.41
"Davon Reed",26,1,9.5,2.4,0.3,1.2,1.4,0.6,0.3,0.1,0.5,1.1,1.2,0.7,2.3,31.1,0.5,1.4,35.1,0.4,0.6,68.8,0.2,0.9,25,1.016,0.42
"Peyton Watson",6,0,2.5,1,0.3,0.2,0.5,0,0,0,0,0.2,0,0.5,1.5,33.3,0,0.2,0,0,0,0,0.5,1.3,37.5,0.667,0.33
"Jack White",9,0,3,0.2,0.2,0.3,0.6,0,0.1,0.2,0,0.4,0,0.1,0.7,16.7,0,0.2,0,0,0,0,0.1,0.4,25,0.333,0.17
"Anthony Edwards",41,41,36.5,23.7,0.6,5.5,6.1,4.3,1.7,0.6,3.2,2.8,1.4,8.5,18.6,45.6,2.6,7.1,36.1,4.2,5.6,75,5.9,11.5,51.5,1.275,0.52
"Karl-Anthony Towns",21,21,33.8,20.8,1.7,6.5,8.2,5.3,0.8,0.7,3.1,3.9,1.7,7.3,14.4,50.5,1.8,5.6,32.5,4.4,5,88.5,5.5,8.9,61.8,1.439,0.57
"D'Angelo Russell",38,38,32.7,17.1,0.5,2.7,3.2,6.4,1.1,0.5,2.7,2.2,2.3,6,13.2,45.8,2.3,6.4,35.2,2.8,3.3,85.6,3.8,6.7,55.9,1.302,0.54
"Rudy Gobert",35,35,31.6,14,3.5,8.4,11.9,0.9,0.7,1.4,1.7,3.1,0.5,5.4,8,67.5,0,0.1,0,3.2,4.8,67.1,5.4,7.9,68.2,1.75,0.68
"Jaden McDaniels",38,38,30.6,11.6,1.3,2.4,3.8,1.8,1.1,1.1,1.5,3.5,1.2,4.6,8.6,52.9,1.2,3.1,37.9,1.3,1.7,74.2,3.4,5.6,61.1,1.343,0.6
"Jaylen Nowell",41,1,20.2,11.4,0.7,2.1,2.8,2.2,0.7,0.1,1,1.7,2.2,4.5,10.4,43.5,1.1,4,29,1.2,1.5,78.7,3.4,6.5,52.3,1.091,0.49
"Naz Reid",33,4,17.6,10.4,0.9,3.8,4.7,0.9,0.5,0.9,1.2,2.2,0.8,4.2,7.5,55.6,1,2.7,37.5,1.1,1.7,63.6,3.2,4.8,65.6,1.387,0.62
"Taurean Prince",21,0,20.2,8.4,0.3,2,2.4,1.2,0.3,0.2,1.3,2.7,1,3.1,6.1,50.8,1.3,3.3,39.1,1,1.2,76.9,1.8,2.8,64.4,1.383,0.61
"Kyle Anderson",31,16,25.5,7.9,0.6,3.7,4.3,3.7,1.2,0.7,1.4,2.1,2.6,2.8,5.8,48.3,0.5,1.3,41.5,1.7,2.1,81.5,2.3,4.5,50.4,1.356,0.53
"Austin Rivers",31,9,20.3,5.3,0.1,1.6,1.6,1.5,0.5,0,0.6,1.7,2.5,1.8,4,45.2,0.9,2.4,37.8,0.8,0.9,86.2,0.9,1.6,56,1.331,0.56
"Luka Garza",11,0,6.7,5.1,0.6,1.1,1.7,0.4,0.1,0.1,0.4,1.3,1,1.7,3,57.6,0.1,0.7,12.5,1.5,1.7,89.5,1.6,2.3,72,1.697,0.59
"Jordan McLaughlin",18,0,15.9,4.1,0.4,1.3,1.7,3.6,0.8,0.1,0.8,0.4,4.6,1.6,3.7,42.4,0.4,1.9,23.5,0.5,0.5,100,1.1,1.8,62.5,1.106,0.48
"Bryn Forbes",21,0,10.6,3.2,0.2,0.4,0.6,0.6,0.3,0,0.4,0.8,1.6,1.1,3.3,33.3,0.4,1.7,25,0.6,0.6,100,0.7,1.6,42.4,0.971,0.4
"Matt Ryan",11,0,7.6,2.6,0.2,0.5,0.6,0.4,0.2,0.1,0.3,0.2,1.3,0.9,2.5,35.7,0.6,2,31.8,0.2,0.2,100,0.3,0.5,50,1.036,0.48
"Nathan Knight",19,0,5.7,2.6,0.5,0.8,1.3,0.3,0.2,0.1,0.5,0.7,0.6,0.9,1.3,68,0.1,0.3,40,0.7,1.1,66.7,0.8,1.1,75,2,0.72
"A.J. Lawson",1,0,2,2,0,1,1,0,0,0,0,1,0,1,1,100,0,0,0,0,0,0,1,1,100,2,1
"Wendell Moore Jr.",17,2,5.8,1.9,0.1,0.6,0.8,0.5,0.3,0.2,0.4,0.6,1.3,0.8,1.7,44.8,0.1,0.7,16.7,0.2,0.3,80,0.6,1,64.7,1.103,0.48
"Josh Minott",7,0,2.3,1.4,0.3,0.4,0.7,0.3,0.1,0.3,0,0.3,Inf,0.4,0.7,60,0,0.1,0,0.6,0.6,100,0.4,0.6,75,2,0.6
"Shai Gilgeous-Alexander",36,36,35.7,30.9,0.8,3.9,4.8,5.6,1.6,1.1,3.2,2.8,1.8,10.3,20.6,50.1,1,2.8,34.3,9.4,10.3,91.1,9.3,17.7,52.7,1.505,0.53
"Josh Giddey",35,35,30.7,15.3,1.8,6.1,7.8,5.4,0.7,0.4,3,2.1,1.8,6.5,13.8,47.1,1.1,3.1,35.5,1.1,1.4,78,5.4,10.7,50.5,1.103,0.51
"Luguentz Dort",39,39,30.1,14.3,1.4,2.8,4.2,2.3,1.1,0.3,1.5,3.2,1.5,4.9,11.9,41,1.8,5.3,34.6,2.6,3.5,76.3,3.1,6.6,46.1,1.195,0.49
"Jalen Williams",36,23,27.7,11.6,0.8,3,3.8,2.8,0.9,0.5,1.6,2.5,1.7,4.7,9.2,50.9,0.8,2.6,28.7,1.5,2,74.6,3.9,6.6,59.7,1.259,0.55
"Aleksej Pokusevski",31,25,21.8,8.8,1.5,3.6,5.1,2,0.6,1.3,1.3,1.8,1.5,3.5,7.8,44,1.2,3.3,37.6,0.7,1.1,63.6,2.2,4.6,48.6,1.123,0.52
"Tre Mann",35,4,20.5,8.8,0.5,2.1,2.6,1.8,0.8,0.2,1,1.5,1.8,3.4,8.8,38.8,1.5,4.8,30.4,0.5,0.7,68,2,4,48.9,0.997,0.47
"Jeremiah Robinson-Earl",26,18,21.1,8.5,2,3,5,1,0.7,0.4,0.6,1.9,1.6,3.3,6.7,48.9,1.1,2.9,38.2,0.8,1.1,78.6,2.2,3.8,57.1,1.27,0.57
"Kenrich Williams",32,5,21.6,7.5,1.9,2.8,4.7,1.5,0.7,0.3,0.4,2.1,3.5,3.1,5.8,54.3,0.9,2,43.1,0.4,0.8,50,2.3,3.7,60.5,1.304,0.62
"Isaiah Joe",33,1,13.5,7.1,0.3,1.7,2,1.1,0.6,0.1,0.4,1.5,2.6,2.3,4.8,46.9,1.7,3.8,44.4,0.8,1.1,80,0.6,1.1,55.6,1.456,0.64
"Aaron Wiggins",31,7,18.4,6.3,1,2.5,3.5,1.5,0.5,0.1,0.9,1.5,1.7,2.4,4.8,48.7,0.7,1.7,40.7,0.9,1.1,80,1.6,3.1,53.1,1.307,0.56
"Mike Muscala",30,2,14.1,5.8,0.5,2.6,3.1,0.9,0.3,0.6,0.3,1.8,2.8,1.9,4.5,42.6,1.2,3.1,37.6,0.8,1,80,0.8,1.4,53.5,1.287,0.56
"Darius Bazley",25,1,16.2,5.6,0.8,2.7,3.5,0.9,0.5,1,0.7,1.2,1.4,2.1,4.8,43.7,0.5,1.4,38.2,0.9,1.9,48.9,1.6,3.4,45.9,1.176,0.49
"Eugene Omoruyi",19,1,12.2,5.2,0.9,1.4,2.3,0.5,0.7,0,0.7,2.1,0.6,2.1,4.3,47.6,0.4,1.5,27.6,0.7,1.1,61.9,1.6,2.8,58.5,1.207,0.52
"Ousmane Dieng",14,0,15.7,4.4,0.4,2.4,2.9,1.4,0.4,0.3,0.5,0.9,2.9,1.8,4.2,42.4,0.7,2.4,29.4,0.1,0.3,25,1.1,1.8,60,1.034,0.51
"Lindy Waters III",14,0,11.8,4.1,0.4,1.1,1.6,0.8,0.4,0.3,0.2,0.8,3.7,1.4,3.5,38.8,1.2,3.2,37.8,0.1,0.2,66.7,0.1,0.3,50,1.163,0.56
"Jaylin Williams",11,3,11.9,3,0.8,2.7,3.5,1.1,0.5,0.1,0.5,2.1,2,1.1,3.2,34.3,0.3,1.1,25,0.5,0.9,60,0.8,2.1,39.1,0.943,0.39
"Damian Lillard",27,27,35.6,27.3,0.6,3.3,4,7.2,0.9,0.4,3.4,2,2.1,8.4,19.3,43.4,3.9,10.7,36.6,6.7,7.6,87.8,4.4,8.6,51.9,1.417,0.54
"Anfernee Simons",37,37,36,22.4,0.3,2.6,2.9,3.9,0.8,0.2,2.3,2.5,1.7,7.9,17.9,44,3.8,10,37.8,2.8,3.1,89.6,4.1,7.9,51.7,1.245,0.55
"Jerami Grant",37,37,35.9,22.1,1.1,3.3,4.4,2.6,0.8,0.7,1.8,2.2,1.4,7.4,15.2,48.8,2.6,6,43.4,4.7,5.9,79.7,4.8,9.2,52.4,1.456,0.57
"Jusuf Nurkic",34,34,28.7,14.2,2.5,7.6,10.1,3,0.8,1,2.5,3.6,1.2,5.3,10.1,52.9,0.8,1.9,40.9,2.8,4.2,66.9,4.5,8.1,55.8,1.415,0.57
"Josh Hart",37,37,34.7,9.9,1.9,6.4,8.3,4.1,1.2,0.2,1.8,2.7,2.4,3.7,7.2,51.3,0.7,1.9,36.1,1.8,2.4,75.3,3,5.2,57,1.377,0.56
"Shaedon Sharpe",38,5,19.5,7.6,0.8,1.7,2.5,0.5,0.4,0.2,0.7,1.6,0.7,3.1,6.6,47.2,0.9,2.4,35.5,0.6,0.9,61.8,2.2,4.1,54.1,1.16,0.54
"Gary Payton II",1,0,13,7,0,2,2,4,2,0,2,2,2,3,4,75,1,1,100,0,0,0,2,3,66.7,1.75,0.88
"Justise Winslow",29,11,26.8,6.8,1.7,3.3,5,3.4,1,0.4,1.5,3.1,2.3,2.8,6.8,40.9,0.5,1.6,31.1,0.7,1,71.4,2.3,5.3,43.8,0.99,0.44
"Drew Eubanks",37,5,18.3,5.7,1.5,2.9,4.4,0.9,0.5,1,0.8,2,1.1,2.4,3.3,73.6,0.1,0.1,66.7,0.9,1.3,65.3,2.4,3.2,73.7,1.752,0.74
"Nassir Little",21,0,15.3,5.5,0.3,2,2.4,0.9,0.4,0.1,0.7,0.8,1.3,2,4.3,47.3,0.8,2,37.2,0.7,1,66.7,1.3,2.3,56.3,1.275,0.56
"Keon Johnson",19,0,12.8,5.3,0.4,1.4,1.8,1.1,0.6,0.2,1.4,1.3,0.8,2.1,5.6,36.8,0.9,2.7,33.3,0.3,0.7,38.5,1.2,2.9,40,0.943,0.45
"Trendon Watford",28,2,16.6,5.1,0.7,3.1,3.8,1.6,0.5,0.1,1,1.9,1.7,1.8,3.3,54.8,0.3,0.8,34.8,1.2,1.6,77.3,1.5,2.5,61.4,1.548,0.59
"Jabari Walker",23,0,9,2.3,1,1.5,2.6,0.6,0.1,0.2,0.4,1.1,1.3,0.9,2.1,42.9,0.1,0.5,25,0.4,0.6,64.3,0.8,1.6,48.6,1.102,0.46
"Greg Brown III",11,0,6.5,2.2,0.2,0.9,1.1,0,0.4,0.5,0.5,0.8,0,0.8,1.9,42.9,0.1,0.5,16.7,0.5,1.1,41.7,0.7,1.4,53.3,1.143,0.45
"John Butler Jr.",4,0,3.8,0.5,0.3,0.3,0.5,0.3,0,0.3,0,0,Inf,0.3,0.8,33.3,0,0.5,0,0,0,0,0.3,0.3,100,0.667,0.33
"Lauri Markkanen",40,40,34,24.5,1.8,6.5,8.3,1.9,0.6,0.6,1.8,2.1,1,8.5,16,53,3,7.2,41.6,4.6,5.3,87.6,5.5,8.9,62.1,1.533,0.62
"Jordan Clarkson",42,42,32.5,20.4,1.1,2.7,3.8,4.5,0.5,0.2,2.8,2,1.6,7.3,16.4,44.8,2.7,7.5,35.6,3.1,3.8,81.6,4.7,8.9,52.5,1.246,0.53
"Collin Sexton",32,10,24.1,14.1,0.8,1.4,2.2,2.9,0.6,0.1,1.7,2.4,1.7,4.8,9.8,48.7,1,2.6,38.6,3.6,4.2,84.4,3.8,7.2,52.4,1.439,0.54
"Malik Beasley",43,5,26.5,14,0.5,3,3.5,1.6,0.9,0.2,1,1.3,1.7,5.1,12.5,40.8,3.1,8.6,36.6,0.7,0.9,83.8,2,3.9,50,1.125,0.53
"Kelly Olynyk",39,39,28.5,12.2,1.1,3.8,5,3.3,1.1,0.6,2.3,4,1.4,4,8,50.3,1.5,3.5,41.3,2.6,3.2,83.1,2.6,4.5,57.5,1.519,0.59
"Mike Conley",32,31,29.3,10,0.4,1.8,2.2,7.6,1.1,0.2,1.7,2.3,4.5,3.3,8.8,37.9,1.8,4.9,35.7,1.5,2,76.6,1.6,3.9,40.8,1.131,0.48
"Jarred Vanderbilt",41,39,25,8.5,2.5,5.7,8.1,2.9,1.1,0.2,1.5,2.6,1.9,3.5,6.1,56.3,0.4,1.1,33.3,1.2,1.8,68.9,3.1,5,61.4,1.389,0.59
"Nickeil Alexander-Walker",28,2,15.5,6.9,0.3,1.3,1.6,2.3,0.7,0.4,1.3,1.7,1.8,2.5,5.1,49,1.1,2.6,41.9,0.8,1.1,71,1.4,2.5,56.5,1.35,0.6
"Walker Kessler",40,6,18.7,6.9,2.4,4.2,6.6,0.6,0.3,1.9,0.7,2.3,0.9,3,4.1,72.4,0,0,0,1,1.8,55.7,3,4.1,72.4,1.687,0.72
"Talen Horton-Tucker",34,1,15.7,6.8,0.5,1.9,2.4,2.4,0.8,0.3,1.2,1.4,2,2.6,6.5,39.2,0.6,2.7,24.2,1,1.4,73.9,1.9,3.9,49.6,1.036,0.44
"Rudy Gay",29,0,15.6,4.5,0.7,2.4,3.1,0.8,0.4,0.4,0.6,1.3,1.2,1.7,4.9,35.5,0.6,2.6,21.6,0.5,0.7,73.7,1.2,2.3,50.7,0.922,0.41
"Simone Fontecchio",21,0,9,3.9,0.5,0.7,1.1,0.4,0.1,0.2,0.5,0.9,0.8,1.3,3.4,37.5,0.9,2.4,35.3,0.4,0.7,64.3,0.4,1,42.9,1.125,0.5
"Ochai Agbaji",20,0,9.7,3.7,0.4,0.7,1.1,0.2,0.1,0,0.1,1,2,1.4,2.9,48.3,0.6,1.7,36.4,0.3,0.5,50,0.8,1.3,64,1.259,0.59
"Udoka Azubuike",15,0,4.2,1.7,0.7,1.1,1.8,0.3,0.1,0.2,0.2,0.3,1.7,0.8,0.9,85.7,0,0,0,0.1,0.4,33.3,0.8,0.9,85.7,1.857,0.86
"Micah Potter",3,0,4.7,1.3,0.3,0.7,1,0.7,0,0,0,0.7,Inf,0.7,0.7,100,0,0,0,0,0,0,0.7,0.7,100,2,1
"Leandro Bolmaro",10,0,5.8,0.6,0.3,0.1,0.4,0.6,0.3,0.1,0.7,0.7,0.9,0.3,1.6,18.8,0,0.3,0,0,0,0,0.3,1.3,23.1,0.375,0.19
"Stephen Curry",26,26,34.4,30,0.6,6,6.6,6.8,1,0.3,3.1,2.1,2.2,10.1,20.2,50,5,11.6,43.4,4.8,5.2,91.9,5,8.5,59,1.487,0.63
"Jordan Poole",40,21,30.1,20.6,0.4,2.1,2.5,4.4,0.7,0.3,3.6,2.3,1.2,7,16.5,42.6,2.5,8.1,30.5,4.2,4.8,86.5,4.5,8.3,54.4,1.254,0.5
"Klay Thompson",31,31,32.2,20.6,0.6,3.3,3.9,2.5,0.6,0.5,1.7,2,1.5,7.5,18,41.5,4,10.4,38.3,1.7,1.9,89.8,3.5,7.6,45.8,1.145,0.53
"Andrew Wiggins",23,23,32.2,18.8,1.5,3.6,5,2.2,1.3,0.7,1.4,2.9,1.5,7.3,14.4,50.5,3,6.8,44.2,1.3,2,64.4,4.3,7.6,56,1.305,0.61
"Draymond Green",36,36,31.3,7.8,0.8,6,6.8,6.7,0.7,0.9,2.4,2.9,2.8,3.1,6.2,50.4,0.6,1.9,31.9,0.9,1.3,68.9,2.5,4.3,58.7,1.246,0.55
"Jonathan Kuminga",33,4,18.6,7.5,1,2.2,3.2,1.7,0.5,0.5,1.5,2.3,1.2,2.8,6,47.2,0.5,1.9,25.8,1.4,2,67.2,2.4,4.2,56.9,1.251,0.51
"Donte DiVincenzo",30,11,24,7.4,1,3.7,4.7,3,1.3,0.1,1.4,1.9,2.1,2.5,6.4,39.6,1.7,4.5,37.8,0.7,0.8,83.3,0.8,1.9,43.9,1.161,0.53
"Ty Jerome",24,1,18.1,7.3,0.1,1.5,1.6,2.4,0.3,0.1,0.7,1.4,3.4,2.7,5.5,49.2,0.9,2.3,38.2,1,1.1,96.2,1.8,3.2,57.1,1.333,0.57
"Anthony Lamb",32,3,19.7,7.2,0.8,2.5,3.3,1.7,0.7,0.3,1,2.2,1.7,2.7,5.3,50.3,1.4,3.5,38.9,0.5,0.7,73.9,1.3,1.8,73.2,1.367,0.63
"James Wiseman",19,0,12.7,6.8,0.9,2.7,3.6,0.7,0.1,0.4,0.7,1.9,1,2.8,4.6,60.9,0.1,0.1,50,1.2,1.8,65.7,2.7,4.5,61.2,1.494,0.61
"Kevon Looney",40,40,23.3,6.7,3,5.5,8.5,2.9,0.4,0.6,0.4,2.8,6.8,2.8,4.4,62.7,0,0,0,1.2,1.8,63.9,2.8,4.4,62.7,1.514,0.63
"JaMychal Green",28,1,14.9,5.8,1.4,2.6,4,0.8,0.5,0.4,1.1,2,0.7,2.3,4.5,51.2,0.5,1.8,26.5,0.8,1.1,73.3,1.8,2.7,67.1,1.304,0.56
"Patrick Baldwin Jr.",13,0,8.8,5.4,0,1.6,1.6,0.2,0.5,0.1,0.5,0.5,0.5,1.8,4.3,42.9,1.5,3.4,43.2,0.2,0.3,75,0.4,0.9,41.7,1.25,0.6
"Moses Moody",35,3,15.2,5.3,0.4,1.3,1.7,0.9,0.3,0.1,0.7,1,1.2,1.8,4.1,44.8,0.9,2.5,36.4,0.7,0.9,72.7,0.9,1.6,58.2,1.287,0.56
"Ryan Rollins",12,0,5.2,1.9,0.3,0.8,1,0.5,0.1,0.1,1.3,0.8,0.4,0.6,1.7,35,0.3,0.8,33.3,0.5,0.5,100,0.3,0.9,36.4,1.15,0.43
"Andre Iguodala",1,0,12,0,0,2,2,1,0,0,2,1,0.5,0,0,0,0,0,0,0,0,0,0,0,0,0,0
"Paul George",30,30,33.9,23.7,0.6,5.3,6,5.1,1.5,0.4,3.5,2.6,1.5,8.1,18,45.1,3.1,8,38.5,4.5,5,88.7,5,10,50.3,1.321,0.54
"Kawhi Leonard",18,16,28.9,17.3,1.1,4.9,5.9,3.8,0.9,0.3,1.4,1.4,2.7,6.4,13.9,46.4,1.1,3.8,27.9,3.4,4.2,80.3,5.4,10.1,53.3,1.248,0.5
"Norman Powell",32,5,25,15.1,0.3,2.5,2.9,1.7,0.8,0.4,1.8,1.9,0.9,5.2,11.1,46.9,1.6,4.2,38.5,3.1,4,77.5,3.6,6.8,52.1,1.367,0.54
"Marcus Morris Sr.",39,39,29.4,13.3,0.5,4.4,4.9,1.7,0.7,0.5,1,2.3,1.7,4.9,11.1,44,2.1,5.5,38.4,1.3,1.7,80,2.8,5.6,49.5,1.191,0.54
"John Wall",32,3,22.2,11.4,0.4,2.1,2.6,5.3,0.8,0.4,2.3,1.6,2.3,4.1,9.9,41.1,1,3.2,30.1,2.3,3.4,67.9,3.1,6.7,46.5,1.155,0.46
"Reggie Jackson",39,38,27.6,11.3,0.5,2,2.4,3.7,0.6,0.1,2,1.9,1.9,4.2,10.3,41.3,1.5,4.3,34.1,1.4,1.5,91.5,2.8,6,46.4,1.103,0.48
"Ivica Zubac",40,40,29.5,10.3,3.4,7.2,10.6,1.1,0.4,1.4,2,3,0.5,4,6.4,62.5,0,0.1,0,2.3,3.3,69.5,4,6.4,63,1.605,0.63
"Luke Kennard",29,8,22.1,8.7,0.2,2.3,2.5,1.2,0.6,0.1,0.9,1.4,1.3,3.1,6.3,48.9,1.9,4,46.2,0.7,0.7,95,1.2,2.3,53.7,1.375,0.64
"Terance Mann",41,16,21.2,8.2,1.1,2.6,3.7,1.9,0.6,0.3,1,1.8,1.9,3.2,6.1,51.6,0.7,2,34.5,1.1,1.5,76.7,2.5,4.1,60.1,1.329,0.57
"Nicolas Batum",39,6,21.4,6.3,0.9,3.5,4.4,1.4,0.6,0.8,0.8,2.1,1.8,2.2,4.9,44,1.6,3.8,40.7,0.4,0.7,60.7,0.6,1.1,56.1,1.288,0.6
"Robert Covington",23,0,16,5.6,0.5,3.2,3.7,1.2,0.7,0.6,0.7,1.8,1.7,1.9,5,37.7,0.9,3,28.6,1,1.2,85.2,1,1.9,52.3,1.132,0.46
"Brandon Boston Jr.",15,0,9.7,5.4,0.3,0.9,1.2,0.9,0.3,0,0.3,0.6,2.6,1.7,4.7,36.6,0.6,1.4,42.9,1.3,1.7,76.9,1.1,3.3,34,1.141,0.43
"Moses Brown",29,1,7.7,4.4,1.6,2.1,3.7,0.1,0.1,0.4,0.3,1,0.3,1.7,2.7,62,0,0,0,1,2.2,45.3,1.7,2.7,62,1.608,0.62
"Moussa Diabate",8,1,11.3,4.1,2.5,1.5,4,0.3,0.4,0.1,0.6,1.3,0.4,1.6,3,54.2,0,0,0,0.9,1.1,77.8,1.6,3,54.2,1.375,0.54
"Amir Coffey",31,7,14.3,3.8,0.4,0.8,1.2,1.3,0.2,0.1,0.5,1.2,2.9,1.2,3.2,37.4,0.3,0.9,32.1,1.1,1.4,81.4,0.9,2.3,39.4,1.192,0.42
"Jason Preston",7,0,9.1,2.9,0.1,1.3,1.4,2,0.1,0,0.6,0.7,3.5,1.1,3,38.1,0.6,1.6,36.4,0,0.3,0,0.6,1.4,40,0.952,0.48
"LeBron James",31,31,35.9,29.1,1.2,7,8.2,6.7,1,0.5,3.3,1.7,2,11.4,22.3,51,2,6.7,29.5,4.4,5.8,75.6,9.4,15.6,60.2,1.305,0.55
"Anthony Davis",25,25,33.4,27.4,3.1,9,12.1,2.6,1.3,2.1,1.9,2.7,1.4,10.2,17.2,59.4,0.4,1.2,29,6.6,8,82.6,9.8,15.9,61.8,1.597,0.6
"Russell Westbrook",37,3,28.1,14.8,1.1,5.3,6.4,7.9,1,0.5,3.6,2.4,2.2,5.5,13.3,41.1,1.1,4,28.6,2.7,4,67.8,4.3,9.3,46.5,1.114,0.45
"Lonnie Walker IV",32,32,29.8,14.7,0.3,2,2.3,1.4,0.8,0.3,1,1.7,1.5,5.3,11.7,45.5,2.1,5.4,38.4,2,2.3,87.5,3.3,6.3,51.5,1.254,0.54
"Thomas Bryant",26,14,21.9,12.9,1.8,5.3,7.2,0.9,0.4,0.5,0.9,2.1,1,5.2,7.6,68.5,0.5,1.2,46.7,2,2.7,71.8,4.7,6.4,72.5,1.701,0.72
"Dennis Schroder",26,23,29,12.6,0.2,2,2.2,3.7,0.6,0,1.8,2.1,2.1,4.2,9.1,46,1.4,3.5,40.7,2.8,3.2,89,2.8,5.6,49.3,1.384,0.54
"Austin Reaves",36,12,28.9,10.8,0.6,2.4,3.1,2.2,0.6,0.4,1.4,1.7,1.6,3.4,7.1,48.8,1.3,3.5,36,2.6,2.9,89.6,2.2,3.6,61.2,1.528,0.58
"Troy Brown Jr.",35,18,22.4,6.5,0.8,3.1,3.9,0.7,0.7,0.1,0.8,1.3,1,2.5,5.6,43.9,1.1,3,35.8,0.5,0.5,100,1.4,2.6,53.3,1.168,0.54
"Patrick Beverley",33,33,27,6,0.6,3,3.6,2.6,0.8,0.6,1,2.9,2.6,2.1,5.2,39.3,1.1,3.3,33.6,0.8,0.9,80.6,0.9,1.9,49.2,1.145,0.5
"Kendrick Nunn",32,2,12.1,5.8,0.1,1.1,1.2,0.8,0.3,0,0.9,0.7,1,2.3,5.8,38.5,0.9,2.8,31.5,0.4,0.5,93.3,1.4,3.1,44.9,0.995,0.46
"Wenyen Gabriel",31,2,14.5,5.8,1.5,2.4,3.9,0.5,0.4,0.5,0.8,2.1,0.7,2.3,3.8,61.5,0.2,0.6,38.9,0.9,1.3,70,2.1,3.2,65.7,1.53,0.65
"Matt Ryan",12,0,10.8,3.9,0.2,1,1.2,0.3,0.2,0,0.3,1.2,1.3,1.3,4.1,30.6,1.1,2.9,37.1,0.3,0.4,80,0.2,1.2,14.3,0.959,0.44
"Damian Jones",18,1,9.3,3.1,1,1.9,2.9,0.2,0.2,0.6,0.4,0.8,0.5,1.1,2,55.6,0,0.2,0,0.8,1.1,75,1.1,1.8,60.6,1.528,0.56
"Max Christie",22,0,13,3,0.2,1.9,2.1,0.6,0.1,0.1,0.3,0.7,1.9,1,2.8,37.1,0.7,1.7,42.1,0.2,0.3,83.3,0.3,1.1,29.2,1.081,0.5
"Juan Toscano-Anderson",20,4,12.3,2.4,0.4,1.9,2.3,0.6,0.4,0.3,0.7,1.8,0.9,1,2,50,0.2,0.8,20,0.3,0.4,71.4,0.9,1.3,68,1.2,0.54
"Scotty Pippen Jr.",4,0,6,1.8,0.5,0.5,1,0.3,0.3,0.3,0.5,0.8,0.5,0.3,2,12.5,0.3,0.8,33.3,1,1.5,66.7,0,1.3,0,0.875,0.19
"Cole Swider",2,0,1.5,1.5,0,0.5,0.5,0.5,0,0,0,0,Inf,0.5,1,50,0.5,1,50,0,0,0,0,0,0,1.5,0.75
"Sterling Brown",2,0,2.5,0,0,0.5,0.5,0.5,0,0,0,1,Inf,0,0.5,0,0,0.5,0,0,0,0,0,0,0,0,0
"Devin Booker",29,29,34.6,27.1,0.8,3.8,4.6,5.6,0.9,0.4,2.4,2.7,2.3,9.8,20.4,47.7,2.3,6.2,37,5.3,6.2,85,7.4,14.2,52.4,1.325,0.53
"Deandre Ayton",37,37,29.5,17.5,2.8,7,9.8,2,0.5,0.7,2.1,2.8,1,7.6,12.9,59.2,0.2,0.6,33.3,2,2.7,73.3,7.5,12.4,60.4,1.354,0.6
"Mikal Bridges",41,41,36.3,15.4,1,3.5,4.5,3.2,1.1,0.9,1.3,2.2,2.5,5.7,12.5,45.4,1.8,4.5,39.2,2.3,2.6,89.6,3.9,7.9,48.9,1.237,0.53
"Chris Paul",26,26,31.1,13.1,0.5,3.7,4.2,8.3,1.5,0.3,2,2.4,4.2,4.4,10.3,42.5,1.7,4.2,39.8,2.7,3.3,80.2,2.7,6.2,44.4,1.269,0.51
"Cameron Johnson",8,8,25.3,13,0.6,2.8,3.4,1.8,1.1,0.4,0.3,1.8,7,4.6,10.4,44.6,2.8,6.4,43.1,1,1.4,72.7,1.9,4,46.9,1.253,0.58
"Cameron Payne",28,14,24,12.1,0.3,2,2.3,5.3,0.9,0.2,2,2,2.7,4.5,11,41.2,1.7,4.5,37.8,1.4,1.8,77.6,2.8,6.5,43.6,1.104,0.49
"Landry Shamet",29,6,21.3,9.6,0.3,1.3,1.6,2.1,0.6,0.2,1,1.5,2.2,3.1,8,38.6,2.1,5.4,38.5,1.3,1.4,90.2,1,2.7,39,1.189,0.52
"Torrey Craig",38,29,25.1,8.3,2,3.5,5.5,1.5,0.7,0.6,0.8,2.4,2,3.2,6.8,47.5,1.4,3.5,39.4,0.6,0.7,80.8,1.8,3.3,56,1.233,0.58
"Damion Lee",41,2,21.8,8.2,0.6,2.8,3.4,1.2,0.4,0.1,1,1.6,1.3,2.7,5.9,46.5,1.8,3.7,48,1,1.1,93.3,1,2.2,44,1.402,0.61
"Duane Washington Jr.",24,0,11.8,7.8,0,1.1,1.1,1.8,0.2,0,1,0.5,1.8,3.1,7.9,39.5,1.2,3.5,34.9,0.4,0.6,60,1.9,4.5,43,0.989,0.47
"Jock Landale",34,2,14.3,6.6,1.6,2.4,3.9,0.8,0.2,0.6,0.8,1.7,1,2.4,4.7,51.6,0.3,1.4,23.4,1.5,1.8,82.3,2.1,3.3,63.4,1.421,0.55
"Josh Okogie",35,1,11.4,4.3,1.3,1.5,2.8,1,0.6,0.4,0.7,1.3,1.6,1.4,3.4,40.8,0.3,1.5,23.5,1.1,1.6,70.9,1.1,2,53.6,1.242,0.46
"Dario Saric",22,5,11.6,3.8,0.7,2,2.8,1,0.2,0.1,0.7,1.4,1.5,1.3,3.7,35.8,0.6,1.7,35.1,0.5,0.6,85.7,0.7,2,36.4,1.025,0.44
"Ish Wainright",24,1,14.2,3.6,1.1,1,2.1,0.9,0.7,0.3,0.5,2,1.9,1.3,3.3,38,0.9,2.4,38.6,0.2,0.3,57.1,0.3,0.9,36.4,1.089,0.52
"Bismack Biyombo",31,4,13.6,3.5,1.1,2.6,3.7,0.8,0.3,1.3,1,2,0.9,1.5,2.7,57.8,0,0,0,0.4,1.3,32.5,1.5,2.7,57.8,1.313,0.58
"De'Aaron Fox",35,35,33.2,24.2,0.4,4.2,4.6,5.9,0.9,0.4,2.7,2.6,2.2,8.9,17.7,50.5,1.6,4.9,33.5,4.7,5.9,80.1,7.3,12.8,56.9,1.369,0.55
"Domantas Sabonis",37,37,34.1,18.9,3,9.5,12.5,6.7,0.8,0.5,2.6,3.8,2.6,7,11.3,62.1,0.5,1.2,40,4.4,5.9,74.8,6.5,10.1,64.8,1.676,0.64
"Kevin Huerter",37,37,31.6,15.9,0.6,2.7,3.3,2.9,1.1,0.3,1.6,2.7,1.8,5.7,11.7,48.4,2.9,7.1,41.8,1.6,2.2,72.8,2.7,4.7,58.4,1.355,0.61
"Harrison Barnes",38,38,31.8,14.1,1,4.2,5.2,1.7,0.9,0.1,1.3,1.4,1.4,4.3,9.4,46.3,1.3,4.2,31.6,4.1,5,81.7,3,5.2,58.1,1.506,0.53
"Malik Monk",37,0,23,14.1,0.4,1.9,2.3,3.9,0.6,0.1,2,1.6,1.9,4.9,11.2,44.1,1.8,5.6,32.4,2.4,2.7,90.9,3.1,5.6,55.8,1.262,0.52
"Keegan Murray",36,34,28.8,11.6,0.9,2.8,3.8,0.8,0.9,0.6,1,2.1,0.8,4.2,9.8,43.2,2.3,5.7,39.8,0.9,1.2,76.7,1.9,4.1,47.9,1.19,0.55
"Terence Davis",30,2,12.6,6.3,0.4,1.9,2.3,1.2,0.7,0.3,0.8,1.9,1.5,2.3,5.4,42.6,1.3,3.6,35.2,0.5,0.6,82.4,1,1.8,57.4,1.173,0.54
"Davion Mitchell",37,3,19.5,6.1,0.2,1.3,1.5,2.4,0.5,0.2,1,1.6,2.3,2.5,5.5,45.8,0.8,2.4,32.2,0.3,0.5,70.6,1.7,3.1,56.6,1.118,0.53
"Trey Lyles",32,0,14.4,6,1.1,2.4,3.5,0.8,0.3,0.4,0.9,1.2,0.9,2.1,4.9,42.3,1,3.1,33.7,0.8,1.1,74.3,1,1.8,56.9,1.224,0.53
"Chimezie Metu",26,0,10.7,4.9,0.6,2.4,3,0.6,0.3,0.2,0.7,1.1,0.9,2,3.5,58.9,0.2,0.8,23.8,0.6,0.8,80,1.8,2.7,69.6,1.411,0.62
"Neemias Queta",4,0,6.3,3,1,1.3,2.3,0.3,0,0.3,0.3,1.8,1,1.5,2,75,0,0,0,0,0.5,0,1.5,2,75,1.5,0.75
"Richaun Holmes",24,0,9.5,3,0.8,1.4,2.2,0.1,0.1,0.3,0.4,1.5,0.3,1.3,2,63.3,0.1,0.1,66.7,0.3,0.4,77.8,1.2,1.9,63,1.449,0.65
"KZ Okpala",26,3,7.8,1.4,0.2,0.9,1.1,0.5,0.2,0.3,0.2,1.3,2,0.5,1.1,46.4,0.2,0.5,38.5,0.2,0.2,100,0.3,0.6,53.3,1.321,0.55
"Alex Len",10,1,4,1.3,0.3,1,1.3,0.3,0,0,0.3,0.7,1,0.5,1,50,0,0.1,0,0.3,0.4,75,0.5,0.9,55.6,1.3,0.5
"Matthew Dellavedova",16,0,6.3,1.1,0.1,0.3,0.3,1.3,0.4,0,0.4,0.8,3.3,0.4,1.4,30.4,0.2,0.6,30,0.1,0.2,33.3,0.3,0.8,30.8,0.783,0.37
"Chima Moneke",2,0,4,1,1,0,1,0.5,0,0,1,1,0.5,0.5,1,50,0,0,0,0,1,0,0.5,1,50,1,0.5
"Keon Ellis",3,0,3,0,0,0.7,0.7,0.3,0,0,0,0.7,Inf,0,0.3,0,0,0.3,0,0,0,0,0,0,0,0,0
"Trae Young",36,36,35.6,27.5,0.7,2.2,2.9,9.8,0.8,0.1,3.9,1.6,2.5,8.8,20.8,42.2,2.2,7.1,31.4,7.8,8.7,89.1,6.5,13.7,47.8,1.324,0.48
"Dejounte Murray",35,35,36.4,20.4,0.7,4.7,5.4,6.1,1.7,0.3,2.4,1.5,2.6,8.1,18.1,44.7,1.9,5.5,34.4,2.3,2.7,84,6.2,12.7,49.2,1.123,0.5
"Bogdan Bogdanovic",17,3,30.8,16.4,0.3,3.6,3.9,2.5,0.8,0.4,1.4,1.4,1.9,6.1,14.1,43.1,3.1,8.1,38,1.2,1.4,83.3,3,6,50,1.163,0.54
"De'Andre Hunter",32,32,31.4,15.4,0.7,3.6,4.3,1.2,0.5,0.3,1.2,3,1,5.6,12.2,45.5,1.5,4.2,35.3,2.8,3.5,81.3,4.1,8.1,50.8,1.263,0.52
"John Collins",32,32,31.2,13.3,1.1,7,8.1,1.3,0.8,1.4,1.3,3.3,1,5.2,10.3,49.8,0.8,3.3,22.9,2.2,2.8,80.7,4.4,7.1,62.4,1.284,0.53
"Clint Capela",27,27,27.5,12,4.3,7.6,11.9,0.7,0.6,1.3,1,2.4,0.8,5.4,8.6,63.6,0,0,0,1.1,1.9,60,5.4,8.6,63.6,1.403,0.64
"AJ Griffin",36,10,21,9.9,0.6,1.6,2.2,1,0.9,0.1,0.8,1.2,1.3,3.9,8.4,46.9,1.6,4.4,36.9,0.4,0.4,87.5,2.3,4.1,57.5,1.175,0.56
"Onyeka Okongwu",39,12,23.9,9.1,2.7,4.5,7.2,0.9,0.6,1.1,1,3.2,0.9,3.7,6.1,61.9,0,0.1,0,1.6,2.2,73.6,3.7,6,62.7,1.508,0.62
"Jalen Johnson",38,6,15.1,5.2,0.7,2.9,3.6,1,0.5,0.5,0.5,1.6,2,2,4.4,46.4,0.4,1.6,24.6,0.7,1.1,70,1.6,2.8,59,1.187,0.51
"Aaron Holiday",36,3,16.3,4.8,0.4,1,1.4,1.5,0.6,0.2,0.6,1.6,2.5,1.8,4.1,43.2,0.7,1.6,42.9,0.6,0.7,83.3,1.1,2.6,43.5,1.162,0.51
"Justin Holiday",27,0,15,4.5,0.1,0.8,0.9,0.9,0.2,0.4,0.4,1.3,2,1.7,4.5,37.7,1.1,3.1,34.1,0,0,0,0.6,1.4,45.9,0.992,0.5
"Jarrett Culver",10,1,13.7,4.4,1,2.8,3.8,0.6,0.6,0.2,0.7,1.4,0.9,1.7,4.3,39.5,0.1,1.2,8.3,0.9,1.3,69.2,1.6,3.1,51.6,1.023,0.41
"Trent Forrest",15,3,14.1,3.1,0.3,1.4,1.7,1.9,0.4,0.1,0.5,0.9,4,1.5,3.1,47.8,0,0.1,0,0.1,0.2,66.7,1.5,2.9,50,1,0.48
"Frank Kaminsky",20,0,7.3,2.7,0.2,1.5,1.6,0.9,0.1,0,0.3,0.9,2.8,0.9,1.6,56.3,0.4,0.9,44.4,0.5,0.6,83.3,0.5,0.7,71.4,1.688,0.69
"Vit Krejci",17,0,6.3,1.5,0.1,0.5,0.6,0.6,0.1,0.1,0.2,0.6,3.3,0.6,1.5,38.5,0.3,1,29.4,0.1,0.1,50,0.3,0.5,55.6,1,0.48
"Tyrese Martin",11,0,3.8,1.4,0.2,0.4,0.5,0,0.1,0,0.1,0.2,0,0.5,1.5,37.5,0.1,0.5,20,0.2,0.2,100,0.5,1,45.5,0.938,0.41
"LaMelo Ball",17,17,34.1,23.1,1,4.5,5.5,8.3,1.2,0.4,2.9,3.6,2.9,8.2,20,41.2,4.2,11.2,37.7,2.4,2.7,87,4,8.8,45.6,1.153,0.52
"Terry Rozier",31,31,35.5,20.6,1.1,3.2,4.3,5.3,0.7,0.2,2.5,1.9,2.1,7.7,19.3,39.9,2.5,7.9,31.6,2.7,3.3,84.2,5.2,11.5,45.6,1.068,0.46
"Kelly Oubre Jr.",35,30,32.6,20.2,1.5,3.6,5.1,1.2,1.6,0.4,1.3,3,1,7.5,17.8,42.1,2.3,7.4,30.8,2.9,4,71.4,5.2,10.4,50.3,1.131,0.49
"P.J. Washington",40,40,32,15.3,1.1,3.6,4.7,2.3,0.9,1.1,1.5,2.7,1.5,5.8,13.3,43.4,2,5.6,34.7,1.9,2.4,79.8,3.8,7.6,49.8,1.157,0.51
"Gordon Hayward",21,21,32.7,13.7,0.9,3.9,4.7,3.9,0.8,0.2,2.1,1.1,1.9,5.1,12,42.3,1.1,3.8,30,2.3,3,76.6,4,8.2,48,1.134,0.47
"Mason Plumlee",41,41,27.8,11,3.4,6.2,9.6,3.7,0.7,0.8,1.6,3.2,2.3,4.2,6.5,64.6,0,0,0,2.5,4.2,59.9,4.2,6.5,64.6,1.675,0.65
"Jalen McDaniels",41,13,26.5,10.9,0.9,4,4.9,2.1,1.1,0.6,1.4,2.9,1.5,4,8.7,45.8,1.2,3.6,34.2,1.7,2,87.7,2.8,5.1,53.8,1.256,0.53
"Dennis Smith Jr.",19,11,26.5,8.8,0.5,2.5,3,4.9,1.7,0.6,1.5,2.4,3.2,3.8,8.4,45,0.6,1.8,31.4,0.7,1.1,61.9,3.2,6.6,48.8,1.05,0.48
"Nick Richards",36,0,17.6,8.4,2.7,3.2,5.9,0.6,0.2,0.8,0.8,2.2,0.8,3.2,5.1,62,0,0,0,2.1,2.8,73.3,3.2,5.1,62,1.641,0.62
"Mark Williams",11,0,13.5,6.3,1.5,4.5,6.1,0.5,0.7,0.6,1,1.9,0.5,2.4,4.3,55.3,0,0,0,1.5,2.2,70.8,2.4,4.3,55.3,1.468,0.55
"Theo Maledon",35,1,16.1,5.5,0.3,2.1,2.4,2.5,0.8,0.2,1,1,2.5,1.8,4.3,40.8,0.6,1.8,32.3,1.4,1.6,87.5,1.2,2.6,46.7,1.27,0.47
"James Bouknight",25,0,13.9,4.4,0.2,1.8,2,1.1,0.5,0.2,0.7,1.2,1.6,1.6,4.8,33.3,0.6,2.5,25.4,0.6,0.9,68.2,1,2.3,42.1,0.925,0.4
"Bryce McGowens",15,0,12.9,3.7,0.2,1,1.2,0.9,0.3,0.3,0.5,0.5,2,1.3,3.2,39.6,0.4,1.1,37.5,0.8,0.9,85.7,0.9,2.1,40.6,1.167,0.46
"Kai Jones",24,0,9.4,2.8,0.8,1.3,2.1,0.2,0.2,0.5,0.4,1.3,0.6,1.2,2.3,50,0.1,0.5,27.3,0.3,0.5,72.7,1,1.9,55.6,1.196,0.53
"JT Thor",28,0,10.6,2.8,0.5,1.2,1.8,0.5,0.2,0.3,0.5,0.8,1,1,2.6,37.8,0.4,1.5,26.8,0.4,0.5,73.3,0.6,1.2,51.5,1.054,0.45
"Cody Martin",4,0,17.3,2.8,1,2.5,3.5,1.5,0.5,0.3,0.3,0.3,6,1.3,5,25,0.3,2,12.5,0,0.5,0,1,3,33.3,0.55,0.28
"Jimmy Butler",27,27,34.7,21.6,2.1,4.3,6.4,5.6,2.1,0.3,1.7,1.3,3.2,7.3,14.1,51.6,0.7,2.1,32.8,6.3,7.6,82.5,6.6,12,54.9,1.526,0.54
"Bam Adebayo",37,37,35.2,21.4,2.8,7.1,9.9,3.1,1.1,0.8,2.9,3,1.1,8.5,15.8,53.8,0,0.3,10,4.4,5.4,80.6,8.5,15.5,54.6,1.356,0.54
"Tyler Herro",32,32,35.4,21.2,0.5,5.5,6,4.4,1,0.3,2.6,1.8,1.7,7.5,16.8,44.5,3.3,8.5,39.2,2.8,3.1,91.8,4.2,8.3,50,1.256,0.54
"Kyle Lowry",36,36,35,13.1,0.8,3.7,4.4,5.6,1.1,0.5,2.1,2.9,2.7,4.1,10.4,39.8,2.2,6.5,33.6,2.6,3,86.2,1.9,3.9,50.4,1.259,0.5
"Max Strus",39,21,30.3,13,0.5,2.8,3.4,2,0.8,0.2,0.9,2,2.3,4.6,11.4,40.5,2.7,7.9,34.4,1.1,1.2,85.4,1.9,3.5,54.4,1.142,0.52
"Victor Oladipo",15,1,27.4,10.9,0.5,2.5,3,3.3,1.7,0.3,1.6,2.9,2,3.6,8.9,40.6,1.5,4.8,31.9,2.2,2.9,76.7,2.1,4.1,50.8,1.233,0.49
"Caleb Martin",34,34,31.4,10.4,1.5,3.3,4.8,1.9,1,0.4,1.1,1.9,1.7,4,8.6,45.9,1.4,3.7,38.9,1,1.3,77.3,2.5,4.9,51.2,1.201,0.54
"Gabe Vincent",27,1,23.7,8,0.4,1.7,2,2.6,0.7,0.1,1.3,2.4,2.1,2.9,7.6,38.7,1.3,4.5,29.8,0.8,1,80.8,1.6,3.1,51.8,1.054,0.48
"Duncan Robinson",28,0,17.9,6.9,0.3,1.7,1.9,1.2,0.3,0,0.7,2,1.7,2.3,6.2,36.8,1.6,5,33.1,0.7,0.8,90.9,0.6,1.3,51.4,1.115,0.5
"Dewayne Dedmon",28,0,11.9,6,1,2.7,3.7,0.5,0.2,0.5,0.7,2.1,0.8,2.3,4.5,51.2,0.4,1.3,30.6,1.1,1.5,71.4,1.9,3.2,59.6,1.352,0.56
"Nikola Jovic",15,8,13.6,5.5,0.6,1.5,2.1,0.7,0.5,0.1,0.7,1.3,1,1.9,4.6,40.6,0.5,2.3,22.9,1.2,1.3,94.7,1.3,2.3,58.8,1.188,0.46
"Orlando Robinson",13,0,14.7,5.3,1.6,2.5,4.2,1.1,0.5,0.4,0.6,1.8,1.8,2.2,4,55.8,0,0.4,0,0.8,1.1,78.6,2.2,3.6,61.7,1.327,0.56
"Haywood Highsmith",28,6,19.6,4.5,1,2.7,3.7,0.8,0.9,0.4,0.8,1.4,0.9,1.8,4.4,40.3,0.7,2.1,33.3,0.2,0.6,37.5,1.1,2.3,46.9,1.016,0.48
"Jamal Cain",10,0,10.5,4,0.8,1.4,2.2,0.5,0.5,0,0.2,1,2.5,1.7,3.1,54.8,0.1,0.6,16.7,0.5,0.9,55.6,1.6,2.5,64,1.29,0.56
"Dru Smith",5,1,13.4,2.2,0.2,1.6,1.8,1,0.8,0.6,0.2,2,5,1,2.8,35.7,0.2,1.2,16.7,0,0,0,0.8,1.6,50,0.786,0.39
"Udonis Haslem",5,1,7.4,0.6,0.6,0.6,1.2,0,0.2,0.2,0,1.4,0,0.2,2,10,0,0.2,0,0.2,0.4,50,0.2,1.8,11.1,0.3,0.1
"Paolo Banchero",33,33,34.2,21.4,1.2,5.5,6.7,3.9,0.9,0.5,2.9,2.4,1.3,7.1,16.1,43.9,1.3,4.2,31.9,6,7.8,76.1,5.7,11.9,48.1,1.331,0.48
"Franz Wagner",39,39,33.5,20.1,0.9,3.1,3.9,3.5,0.8,0.2,2.2,2.3,1.6,7.2,14.9,48.5,1.6,4.5,35.1,4,4.7,86.3,5.7,10.5,54.2,1.344,0.54
"Wendell Carter Jr.",21,18,30.8,15.8,2.1,6.5,8.6,2.9,0.4,0.5,2.3,3,1.2,5.7,10.8,52.7,1.1,3.4,33.3,3.3,4.2,78.7,4.5,7.3,61.7,1.469,0.58
"Cole Anthony",22,3,26.4,12.3,0.5,4,4.5,4.4,0.8,0.4,1.7,3,2.6,4.3,10,42.9,1.2,3.8,32.1,2.5,2.8,90.3,3,6.1,49.6,1.237,0.49
"Moritz Wagner",19,14,25,12,1.9,4.6,6.5,2.1,0.9,0.3,1.6,3,1.3,4.1,8.3,48.7,1,3.3,30.2,2.9,3.4,85.9,3.1,5,61.1,1.443,0.55
"Bol Bol",37,32,26.1,12,1.3,5.8,7.1,0.9,0.5,1.6,1.9,1.5,0.5,4.9,8.4,58.8,0.7,1.8,38.8,1.4,1.9,73.9,4.2,6.6,64.3,1.424,0.63
"Jalen Suggs",16,13,26.6,11.5,1,2.1,3.1,4.8,1.4,0.7,2.9,2.9,1.6,4.3,10.2,41.7,1.3,4.5,27.8,1.8,2.6,66.7,3,5.7,52.7,1.129,0.48
"Markelle Fultz",19,19,27.3,11.5,1.3,3,4.3,5.5,1.8,0.3,2.2,2.1,2.5,4.8,10.5,46,0.5,1.5,32.1,1.3,2,65.8,4.4,9.1,48.3,1.09,0.48
"Gary Harris",12,6,24,9.5,0.4,2.1,2.5,1.6,0.7,0.3,1.1,2.2,1.5,3.3,7,47.6,1.4,3.4,41.5,1.4,1.6,89.5,1.9,3.6,53.5,1.357,0.58
"Terrence Ross",36,9,22.9,8.3,0.3,1.9,2.1,1.4,0.6,0.2,1,1.4,1.4,3.2,7.5,43.1,1.5,3.9,37.3,0.4,0.6,75,1.8,3.5,49.6,1.115,0.53
"Mo Bamba",32,5,18.5,7.9,1.3,3.9,5.1,1.1,0.3,1,0.6,2.3,1.8,2.9,5.8,50.3,1.1,2.8,38.2,1,1.5,68.1,1.8,3,61.5,1.362,0.59
"R.J. Hampton",25,0,14.4,6,0.4,1.2,1.6,1.4,0.6,0.2,0.8,0.9,1.6,2,4.6,43.9,0.7,2.1,34,1.2,1.5,83.8,1.3,2.4,52.5,1.307,0.52
"Chuma Okeke",18,7,21.8,5.4,1.2,3.1,4.2,1.4,0.6,0.5,0.5,1.9,2.9,1.8,4.8,36.8,1,3.3,30,0.9,1.2,76.2,0.8,1.5,51.9,1.126,0.47
"Admiral Schofield",25,0,13.3,4.9,0.8,1.3,2.1,0.9,0.2,0.1,0.2,2,4.4,1.8,3.7,47.8,0.7,2.2,33.3,0.7,0.8,89.5,1,1.5,68.4,1.337,0.58
"Caleb Houstan",28,2,17.4,4.3,0.7,1.7,2.4,0.6,0.2,0.1,0.4,1.5,1.7,1.4,3.6,39.2,1,2.7,37.3,0.4,0.5,84.6,0.4,1,44.4,1.167,0.53
"Kevon Harris",26,0,12.6,3.7,0.8,1.2,2,0.5,0.5,0.1,0.6,1.3,0.8,1.2,2.9,42.1,0.4,1.1,39.3,0.8,1,81.5,0.8,1.8,43.8,1.276,0.49
"Bradley Beal",24,24,33.6,22.9,0.9,2.6,3.5,5.2,1,0.6,2.8,1.8,1.9,8.6,16.4,52.5,1.5,4.4,34,4.1,4.8,86.1,7.1,12,59.4,1.393,0.57
"Kristaps Porzingis",36,36,32.7,21.9,2,7,9,2.4,1,1.6,2.3,3,1.1,7.3,15.4,47.6,1.8,5.3,32.8,5.6,6.9,80.7,5.6,10,55.4,1.429,0.53
"Kyle Kuzma",39,39,35.3,21.4,0.9,6.5,7.5,3.9,0.5,0.4,2.9,2.4,1.3,8.2,17.8,46.1,2.4,7.2,33.7,2.5,3.6,70.5,5.8,10.6,54.6,1.2,0.53
"Rui Hachimura",24,0,24.2,13.2,0.7,3.8,4.5,1.3,0.4,0.4,1.3,1.3,0.9,5.3,10.5,50.6,1,2.6,37.1,1.6,2.2,75,4.3,7.9,55,1.259,0.55
"Monte Morris",35,35,28.5,9.8,0.4,3,3.4,5.3,0.8,0.2,0.9,1.5,5.8,3.7,8.2,45.5,1.3,3.4,37.3,1,1.3,76.6,2.5,4.9,51.2,1.188,0.53
"Corey Kispert",32,20,27.9,9.5,0.5,2.2,2.8,1.4,0.6,0.1,0.7,1.4,2.1,3.3,7,48,1.7,4.2,40.7,1.1,1.3,81,1.6,2.8,59.1,1.359,0.6
"Deni Avdija",38,29,25.9,8.3,0.9,4.7,5.6,2.7,0.8,0.6,1.6,3,1.7,3,6.9,43.2,0.9,3,28.9,1.4,1.8,80.6,2.1,3.9,54,1.193,0.49
"Will Barton",35,0,20.5,7.7,0.2,2.6,2.8,2.5,0.5,0.3,1.1,1.1,2.3,2.8,7.4,37.6,1.3,3.6,36.5,0.9,1.1,78.9,1.5,3.8,38.6,1.047,0.47
"Daniel Gafford",40,9,16.6,7.6,2,2.9,4.9,0.7,0.4,1.2,0.9,2,0.7,3.2,4.3,74.7,0,0,0,1.3,2.1,58.8,3.2,4.3,74.7,1.788,0.75
"Jordan Goodwin",31,3,19.1,7,1.1,2.6,3.7,2.7,1,0.5,1,1.7,2.8,2.7,5.7,48.3,0.7,1.7,39.6,0.8,1.1,74.3,2.1,4,52,1.233,0.54
"Delon Wright",11,0,19.2,5.5,0.6,1.6,2.3,3.4,2.2,0.4,0.6,1,5.3,1.9,4.9,38.9,0.5,2.4,23.1,1.2,1.5,81.3,1.4,2.5,53.6,1.13,0.44
"Taj Gibson",23,1,9,3.5,0.5,1,1.6,0.5,0.4,0.3,0.5,1.8,1.1,1.3,2.5,53.4,0.1,0.6,23.1,0.7,0.9,75,1.2,2,62.2,1.379,0.56
"Anthony Gill",32,4,9.5,2.6,0.5,0.8,1.3,0.4,0.2,0.2,0.2,1.2,2.8,1,1.8,58.9,0.1,0.4,14.3,0.4,0.5,82.4,1,1.3,73.8,1.464,0.61
"Jordan Schakel",2,0,3,1.5,0,0,0,0.5,0.5,0,0,0.5,Inf,0.5,1,50,0.5,0.5,100,0,0,0,0,0.5,0,1.5,0.75
"Johnny Davis",10,0,5,1.1,0.1,0.6,0.7,0.2,0,0.1,0.1,1.2,2,0.4,1.3,30.8,0,0.3,0,0.3,0.3,100,0.4,1,40,0.846,0.31
"Devon Dotson",6,0,8.8,0.5,1,0.7,1.7,1.3,0.8,0,0.5,1.5,2.7,0.2,1.7,10,0.2,0.7,25,0,0,0,0,1,0,0.3,0.15
"Isaiah Todd",4,0,3.3,0.5,0,0,0,0,0,0,0,0,0,0.3,1,25,0,0.8,0,0,0,0,0.3,0.3,100,0.5,0.25
"Vernon Carey Jr.",7,0,2.1,0.3,0.1,0.6,0.7,0.1,0.1,0.3,0.3,0.3,0.5,0.1,0.4,33.3,0,0,0,0,0,0,0.1,0.4,33.3,0.667,0.33
"Luka Doncic",37,37,36.9,34,1,7.9,8.8,8.7,1.6,0.6,3.7,2.9,2.4,11.4,22.8,49.9,2.9,8.1,35.5,8.4,11.3,74.2,8.5,14.7,57.9,1.492,0.56
"Christian Wood",38,13,28.1,18.2,1.4,6.8,8.2,1.6,0.5,1.1,2.1,2.8,0.7,6.7,12.2,54.5,1.8,4.6,39.9,3,4.2,72.3,4.8,7.7,63.2,1.487,0.62
"Spencer Dinwiddie",40,40,33.2,16.2,0.4,2.7,3.1,5.2,0.8,0.2,1.6,2.3,3.3,5.6,12.3,45.6,2.5,6.3,40,2.5,3,82.6,3.1,6,51.5,1.32,0.56
"Tim Hardaway Jr.",39,22,28.7,13.9,0.3,2.8,3.1,1.6,0.9,0.1,0.9,1.5,1.8,4.6,11.9,38.4,2.9,7.9,36.4,1.9,2.4,78.7,1.7,4,42.6,1.171,0.51
"Dorian Finney-Smith",31,31,31.6,8.4,1.4,2.6,4,1.2,1,0.5,0.9,1.9,1.2,3,7.5,40.1,1.9,5.4,34.5,0.5,0.8,64,1.1,2.1,54.7,1.121,0.53
"Kemba Walker",9,1,16,8,0.3,1.4,1.8,2.1,0.2,0.2,0.4,1.2,4.8,2.7,6.3,42.1,0.8,3.1,25,1.9,2.3,81,1.9,3.2,58.6,1.263,0.48
"Josh Green",25,1,20.3,7,0.9,1.4,2.3,1.2,0.9,0,0.7,2.5,1.6,2.4,4.1,58.3,1,2.2,44.4,1.3,1.8,71.1,1.4,2,73.5,1.709,0.7
"Maxi Kleber",22,0,25.6,6.2,0.9,2.7,3.5,1,0.3,1,0.6,2.2,1.6,2.3,4.7,49,1.1,3,36.9,0.5,0.6,78.6,1.2,1.8,69.2,1.317,0.61
"Dwight Powell",36,25,17.6,5.9,1.9,1.9,3.8,0.6,0.5,0.4,0.8,2.8,0.8,2.2,3,73.1,0,0.1,0,1.6,2.2,70,2.2,2.9,74.5,1.981,0.73
"Jaden Hardy",14,0,10.1,5.7,0,1.1,1.1,0.6,0.2,0.1,0.4,1.5,1.3,2.1,4.9,42,0.5,1.8,28,1.1,1.2,88.2,1.6,3.1,50,1.159,0.47
"Reggie Bullock",39,27,28.9,5.2,0.4,2.9,3.4,1.2,0.7,0.2,0.5,2.1,2.5,1.7,5,34.7,1.3,4.2,31.7,0.4,0.6,66.7,0.4,0.8,50,1.041,0.48
"Davis Bertans",22,0,9.9,4.4,0.2,0.7,0.9,0.3,0.1,0.1,0.3,1.1,1,1.4,3.5,40.8,1.1,3,37.9,0.5,0.5,83.3,0.3,0.5,60,1.276,0.57
"JaVale McGee",26,7,8.2,4.1,0.6,1.8,2.3,0.3,0.1,0.5,0.8,1.2,0.3,1.8,2.9,61.3,0,0.2,25,0.5,0.9,54.2,1.7,2.7,63.4,1.413,0.62
"Tyler Dorsey",3,0,2.7,3,0.3,0.3,0.7,0,0,0,0,0,0,1.3,1.7,80,0.3,0.7,50,0,0,0,1,1,100,1.8,0.9
"Frank Ntilikina",22,1,12.9,2.7,0.1,1.4,1.5,1.1,0.3,0.1,0.7,1.5,1.6,1,2.9,32.8,0.3,1.7,18.9,0.5,0.6,76.9,0.6,1.2,51.9,0.922,0.38
"McKinley Wright IV",11,0,10.4,1.8,0.4,0.7,1.1,1.1,0.6,0.1,0.7,1.2,1.5,0.7,1.8,40,0,0.4,0,0.4,0.5,66.7,0.7,1.5,50,1,0.4
"Theo Pinson",20,0,4.6,1.4,0.2,1.1,1.2,0.3,0.1,0,0.2,0.3,1.7,0.4,1.2,29.2,0.3,0.8,31.3,0.4,0.5,88.9,0.1,0.4,25,1.125,0.4
"Facundo Campazzo",8,0,6.5,1.3,0,0.3,0.3,1.1,0.8,0,0.4,0.4,3,0.4,1.6,23.1,0.4,1.4,27.3,0.1,0.3,50,0,0.3,0,0.769,0.35
"A.J. Lawson",4,0,1.8,0,0,0,0,0,0,0,0,0,0,0,0.8,0,0,0.8,0,0,0,0,0,0,0,0,0
"Jalen Green",40,40,34.4,21.2,0.6,3.8,4.4,3.6,0.8,0.2,2.9,1.6,1.3,7.1,17.4,40.6,2.4,7.3,32.2,4.7,5.9,79.3,4.7,10.1,46.7,1.217,0.47
"Kevin Porter Jr.",39,39,34.6,19.5,1.4,4.1,5.5,5.7,1.3,0.4,3.7,2.8,1.6,6.8,15.6,43.8,2.2,6.5,34.5,3.6,4.7,76.6,4.6,9.2,50.3,1.249,0.51
"Alperen Sengun",36,33,26.6,14.6,3.3,5.3,8.6,2.6,0.7,0.9,2.1,3.4,1.2,5.6,10.3,54.9,0.1,0.7,20,3.2,4,78.6,5.5,9.6,57.4,1.419,0.56
"Jabari Smith Jr.",39,39,29.8,11.8,1.2,5.8,7,0.9,0.6,0.9,1.3,3.1,0.7,4.1,10.8,38.3,1.8,5.7,32.1,1.7,2.1,80.7,2.3,5,45.4,1.098,0.47
"Eric Gordon",34,34,29.7,11.5,0.3,1.7,2,2.4,0.5,0.4,1.6,0.8,1.5,3.9,9.4,42,1.9,5.2,36,1.8,2.1,83.3,2.1,4.1,49.6,1.229,0.52
"Kenyon Martin Jr.",40,8,23.9,10.5,1.4,3.5,4.8,1.4,0.5,0.3,1.1,1.6,1.2,4.1,7.5,55.2,0.9,2.7,31.8,1.4,2.1,64.7,3.3,4.8,68.2,1.401,0.61
"Tari Eason",40,0,18.8,7.9,2,3.4,5.4,0.9,1.1,0.5,1,2.2,0.9,3,7.1,42.1,0.8,2.1,36.6,1.2,1.5,79.7,2.3,5.1,44.3,1.112,0.47
"Jae'Sean Tate",5,2,21,7.8,2.2,1.6,3.8,3.2,1.2,0.2,1.6,3.8,2,3.2,6.8,47.1,0.8,2.2,36.4,0.6,0.8,75,2.4,4.6,52.2,1.147,0.53
"Garrison Mathews",33,0,12.6,4.4,0.2,1,1.2,0.5,0.5,0.1,0.3,1.2,1.8,1.2,3.4,34.5,1.1,3.2,34,0.9,1,93.9,0.1,0.2,42.9,1.283,0.5
"Bruno Fernando",21,4,11,3.7,1.4,2.1,3.5,0.9,0.2,0.7,0.5,2.1,1.7,1.4,2.6,55.6,0,0,0,0.9,1.4,62.1,1.4,2.5,56.6,1.444,0.56
"Daishen Nix",32,0,14.1,3.5,0.3,1.3,1.6,2.5,0.7,0.1,1.4,0.9,1.8,1.2,3.3,35.6,0.7,2.2,32.9,0.5,0.7,69.6,0.4,1.1,41.2,1.087,0.47
"Usman Garuba",38,1,14.5,3.4,1.9,3,4.9,1,0.7,0.6,0.8,1.8,1.3,1.3,2.5,52.6,0.2,0.6,42.9,0.5,0.9,55.9,1.1,1.9,55.4,1.347,0.57
"TyTy Washington Jr.",12,0,10.7,3.2,0.1,1.3,1.3,1.3,0.4,0,0.3,1.2,5,1.3,3.8,34.8,0.3,1.8,14.3,0.3,0.5,50,1.1,2.1,52,0.826,0.38
"Trevor Hudgins",1,0,4,3,0,0,0,0,0,0,0,0,0,1,1,100,1,1,100,0,0,0,0,0,0,3,1.5
"Boban Marjanovic",13,0,4.2,2.9,0.5,0.8,1.3,0.2,0.1,0.1,0.2,0.2,0.7,1.1,1.5,73.7,0,0.1,0,0.8,0.9,83.3,1.1,1.4,77.8,2,0.74
"Josh Christopher",22,0,6.6,2.6,0.2,0.8,1,0.6,0.2,0,0.5,0.7,1.2,1.1,2.6,41.4,0.1,0.8,17.6,0.3,0.4,75,1,1.9,51.2,0.983,0.44
"Ja Morant",33,33,32.4,27.2,1.1,4.8,5.9,8,1.1,0.2,3.6,1.8,2.2,9.7,20.8,46.4,1.6,5.3,31,6.3,8.4,75,8,15.5,51.7,1.309,0.5
"Desmond Bane",19,19,31.2,21.7,0.5,4.5,5.1,4,0.7,0.3,2.1,2.6,1.9,7.3,16.7,43.5,3.1,7.7,39.5,4.2,4.6,89.8,4.2,8.9,47.1,1.303,0.53
"Dillon Brooks",36,36,30.7,17,0.7,2.8,3.4,2.8,0.8,0.2,1.7,3.3,1.6,6.4,15.6,40.7,2.1,6.4,33.6,2.2,2.7,79.6,4.2,9.3,45.5,1.089,0.48
"Jaren Jackson Jr.",23,23,26.1,16.7,2,4.5,6.4,0.8,1.1,3.2,1.6,3,0.5,6,11.7,51.3,1.5,4.2,36.1,3.2,4.2,76,4.5,7.5,59.9,1.428,0.58
"Tyus Jones",39,6,23.6,10.4,0.4,1.9,2.3,4.8,0.9,0.1,0.9,0.4,5.2,3.9,8.8,44.2,1.6,4.1,38.6,1.1,1.4,78.6,2.3,4.7,48.9,1.19,0.53
"Brandon Clarke",35,3,19.5,10.1,1.4,4.1,5.5,1.1,0.5,0.7,1.1,2.4,1,4.1,6.3,65.2,0,0.2,16.7,1.9,2.5,75,4.1,6.1,66.5,1.606,0.65
"Santi Aldama",36,16,22.8,9.3,1.3,3.8,5.1,1.3,0.7,0.9,0.6,2.3,2.2,3.3,7.1,46.9,1.3,3.5,36.2,1.4,1.9,72.5,2.1,3.6,57.4,1.313,0.56
"Steven Adams",35,35,26.8,8,5,6.2,11.2,2.2,0.9,1.2,1.9,2.4,1.1,3.5,6.2,57.4,0,0,0,0.9,2.7,33.3,3.5,6.1,57.7,1.296,0.57
"John Konchar",37,22,25.2,7.2,1,4.4,5.4,1.6,1.2,0.3,0.6,1.6,2.4,2.7,5.9,45.7,1.2,3.4,37.1,0.5,0.6,87,1.5,2.6,56.8,1.215,0.56
"David Roddy",37,1,18.6,6.5,0.6,2.1,2.7,0.7,0.4,0.3,0.8,1.5,0.9,2.5,6,41,0.9,3.2,27.7,0.7,1.2,58.1,1.6,2.8,56.3,1.081,0.48
"Ziaire Williams",13,0,16.2,5.8,0.4,2.7,3.1,1.1,0.5,0.2,1.4,2,0.8,2.3,5.6,41.1,0.7,2.8,25,0.5,0.5,100,1.6,2.8,56.8,1.041,0.47
"Xavier Tillman",23,1,11.3,4.4,1.3,1.6,2.9,0.6,0.6,0.3,0.4,1,1.6,2,3.2,61.6,0.1,0.4,33.3,0.4,0.9,42.9,1.8,2.8,65.6,1.397,0.64
"Jake LaRavia",23,0,14.4,3.7,0.7,1.7,2.3,0.8,0.4,0.1,0.7,1.7,1.2,1.3,3.2,41.1,0.8,2.2,37.3,0.3,0.3,85.7,0.5,1,50,1.164,0.54
"Kennedy Chandler",19,0,10,2.9,0.3,1.2,1.4,2.2,0.5,0.3,0.8,0.6,2.7,1.3,3.1,41.4,0.1,0.6,16.7,0.3,0.6,45.5,1.2,2.4,47.8,0.948,0.43
"Kenneth Lofton Jr.",6,0,4,2.5,0.2,0.5,0.7,0.7,0,0,0.2,0.5,4,1.2,2.5,46.7,0,0.3,0,0.2,0.5,33.3,1.2,2.2,53.8,1,0.47
"Vince Williams Jr.",8,0,5.5,0.9,0.1,0.5,0.6,0.4,0.5,0.1,0,0.6,Inf,0.4,1.4,27.3,0.1,1,12.5,0,0,0,0.3,0.4,66.7,0.636,0.32
"Zion Williamson",29,29,33,26,2,5,7,4.6,1.1,0.6,3.4,2.2,1.3,9.8,16.2,60.8,0.2,0.7,36.8,6.1,8.6,71.4,9.6,15.5,61.8,1.608,0.62
"Brandon Ingram",15,15,32.1,20.8,0.5,4.6,5.1,4.7,0.9,0.7,2.8,2.2,1.7,7.3,15.4,47.2,1.9,4,46.7,4.4,5.1,86.8,5.4,11.4,47.4,1.351,0.53
"CJ McCollum",35,35,35.3,20.4,0.9,3.9,4.8,6,1,0.6,2.6,1.7,2.3,7.7,18.1,42.4,2.9,7.3,39.8,2.1,2.7,79.8,4.8,10.8,44.1,1.126,0.5
"Jonas Valanciunas",40,40,24.8,13.8,2.9,6.8,9.6,1.8,0.4,0.5,1.9,3.1,0.9,5.4,10.4,51.9,0.6,1.8,34.2,2.4,2.9,84.2,4.8,8.5,55.7,1.331,0.55
"Trey Murphy III",37,27,28.5,12.5,0.9,3,3.9,1.3,0.9,0.5,0.8,2.2,1.7,4.2,8.8,47.8,2.3,5.5,41.4,1.9,2.1,92.1,1.9,3.3,58.7,1.432,0.61
"Herbert Jones",28,28,28.6,10.1,1.3,2.6,3.9,2.1,1.5,0.7,1.2,3.4,1.8,3.5,8.1,42.5,0.9,2.9,29.6,2.4,3,77.6,2.6,5.3,49.7,1.246,0.48
"Naji Marshall",38,12,23.9,9.8,0.8,2.8,3.6,2.3,0.8,0.2,1.2,1.5,1.9,3.3,7.6,43.8,1.1,3.3,33.6,2.1,2.6,79.6,2.2,4.3,51.5,1.292,0.51
"Jose Alvarado",39,8,20.9,9.2,0.5,2,2.4,3.1,1.2,0.1,1.4,2,2.3,3.3,8,41.5,1.4,4.2,33.3,1.1,1.4,76.8,1.9,3.8,50.7,1.144,0.5
"Larry Nance Jr.",30,0,22.7,8.3,1.7,4,5.7,1.8,0.9,0.8,0.9,2.3,2,3.6,5.7,62.6,0.3,0.9,38.5,0.8,1.1,72.7,3.2,4.8,66.9,1.45,0.65
"Kira Lewis Jr.",3,0,11.7,7.7,0.3,1.3,1.7,0.3,0.3,0,0.7,1.7,0.5,2.7,5.7,47.1,0.3,1.3,25,2,2,100,2.3,4.3,53.8,1.353,0.5
"Willy Hernangomez",21,0,11.8,6.9,2,2.7,4.7,0.9,0.3,0.3,1.1,1.6,0.8,2.3,4.4,51.6,0,0.3,16.7,2.2,2.8,79.7,2.2,4.1,54,1.548,0.52
"Devonte' Graham",40,0,15,5,0.3,1.2,1.5,2.1,0.5,0.2,0.5,0.8,4,1.5,4.3,34.9,1.1,3.5,32.6,0.9,1.1,77.3,0.4,0.9,44.1,1.157,0.48
"Jaxson Hayes",20,1,13.1,4.7,0.9,2.2,3,0.9,0.4,0.5,0.6,1.3,1.5,1.7,3.3,50.8,0.2,0.9,17.6,1.2,1.8,68.6,1.5,2.4,62.5,1.431,0.53
"Dyson Daniels",31,5,18.6,4.3,0.7,2.6,3.3,2.2,0.8,0.2,0.8,1.8,2.6,1.6,3.7,43.5,0.5,1.5,36.2,0.5,0.8,60,1.1,2.2,48.5,1.148,0.51
"Garrett Temple",13,0,8.2,2.6,0.2,0.6,0.8,0.5,0.7,0.1,0.2,0.8,2.3,0.9,2.2,41.4,0.5,1.4,38.9,0.2,0.3,75,0.4,0.8,45.5,1.172,0.53
"Dereon Seabron",2,0,1.5,0,0,0,0,0,0,0,0,0,0,0,0,0,0,0,0,0,0,0,0,0,0,0,0
"Keldon Johnson",35,35,32,21.2,0.8,4,4.8,2.7,0.7,0.2,2.2,2,1.2,7.5,17.5,42.6,2.5,7.1,34.8,3.8,5,75.6,5,10.3,48.1,1.212,0.5
"Devin Vassell",29,24,31.3,19.4,0.2,3.8,4,3.6,1.2,0.4,1.6,1.4,2.3,7.1,16,44.5,2.8,7,40.4,2.4,3,79.3,4.3,9,47.7,1.216,0.53
"Tre Jones",39,39,29.9,13.2,0.8,2.9,3.7,6.4,1.4,0.2,1.9,1.6,3.3,5.1,11.5,44.5,0.7,2.6,27.5,2.3,2.6,88.1,4.4,8.8,49.6,1.152,0.48
"Jakob Poeltl",31,31,26.4,11.9,3.5,6,9.5,3,0.9,1.1,2.1,2.4,1.4,5.1,8,64.4,0,0,0,1.6,2.8,57.5,5.1,8,64.4,1.49,0.64
"Josh Richardson",30,3,23,10.8,0.6,1.9,2.5,3.1,0.8,0.1,1.6,1.6,1.9,3.9,9.1,42.9,1.7,4.8,35.7,1.3,1.5,87,2.2,4.3,50.8,1.19,0.52
"Doug McDermott",35,0,20.2,10.3,0.3,1.9,2.3,1.5,0.1,0.2,0.9,1.7,1.5,3.8,8.1,47.5,1.9,4.6,41.6,0.7,1,72.2,1.9,3.5,55.4,1.28,0.59
"Zach Collins",29,7,20.9,9.5,1.9,3.8,5.7,2.5,0.3,0.8,2,3.4,1.2,3.7,6.5,56.1,0.6,1.6,37,1.6,2.3,71.2,3.1,4.9,62.2,1.46,0.61
"Jeremy Sochan",34,31,25.3,8.7,1.5,3.2,4.7,2.4,0.8,0.5,1.7,2.7,1.4,3.7,7.9,46.3,0.4,2,20.3,1,1.6,61.1,3.3,5.9,55.2,1.1,0.49
"Blake Wesley",2,0,11.5,8,0.5,0.5,1,2,0,0,1,1.5,2,3,4.5,66.7,1,1.5,66.7,1,2,50,2,3,66.7,1.778,0.78
"Keita Bates-Diop",29,11,17.9,7.4,1.2,1.7,2.9,0.8,0.7,0.2,0.8,0.8,0.9,2.9,5.6,51.5,0.4,1.3,34.2,1.2,1.4,81,2.4,4.3,56.8,1.319,0.56
"Romeo Langford",25,12,19.9,7.2,1.5,1.2,2.8,1,0.6,0.3,0.8,1.8,1.3,3,6.2,49.4,0.4,1.3,27.3,0.8,1.1,70.4,2.7,4.8,55.4,1.169,0.52
"Malaki Branham",26,4,19.2,7,0.2,1.5,1.7,1.7,0.5,0.1,1,1.2,1.7,2.7,6.4,42.2,0.9,3.1,29.6,0.7,0.9,78.3,1.8,3.3,54.1,1.096,0.49
"Joshua Primo",4,0,23.3,7,0.5,2.8,3.3,4.5,0.3,0.5,2.8,2,1.6,2.3,6.5,34.6,0.8,3,25,1.8,2.3,77.8,1.5,3.5,42.9,1.077,0.4
"Stanley Johnson",13,0,13.5,6.5,0.4,2.2,2.6,1.9,0.4,0.3,0.9,1.7,2.1,2.4,4,59.6,0.8,1.7,50,0.8,1.2,68.8,1.5,2.3,66.7,1.615,0.7
"Charles Bassey",24,1,13.6,4.7,1.8,3.4,5.2,1.2,0.3,0.9,1.2,2.1,1,2,2.9,67.1,0.1,0.3,33.3,0.7,1,66.7,1.9,2.7,70.3,1.6,0.69
"Gorgui Dieng",13,1,11.6,4.1,1.1,2.2,3.2,2,0.1,0.5,0.9,1.8,2.2,1.5,3.7,41.7,0.8,2.5,30.3,0.2,0.3,75,0.8,1.2,66.7,1.104,0.52
"Isaiah Roby",31,1,10.7,3.8,0.4,2,2.4,1,0.4,0.2,0.6,1.2,1.7,1.5,3.4,43.8,0.5,1.5,31.1,0.4,0.9,44.8,1,1.9,53.3,1.133,0.5
"Jordan Hall",9,0,9.2,3.1,0.3,1,1.3,1.2,0.1,0,0.8,0.7,1.6,1,3.1,32.1,0.3,1.7,20,0.8,1,77.8,0.7,1.4,46.2,1,0.38
"Dominick Barlow",4,0,6.5,2.5,0.5,0.3,0.8,0.8,0.3,0,0,0.8,Inf,0.8,1.8,42.9,0,0.8,0,1,1,100,0.8,1,75,1.429,0.43
"Alize Johnson",4,0,7.5,1.8,0.5,2,2.5,0.3,0.3,0,1,0.8,0.3,0.8,1.5,50,0,0.5,0,0.3,0.5,50,0.8,1,75,1.167,0.5
